customer_id,tenure_days,avg_monthly_spend,logins_30d,support_tickets_30d,churned
CUST-0001,418,215.8803399090337,22,3,1
CUST-0002,342,207.27386180534634,23,3,0
CUST-0003,487,363.4527406474171,29,2,0
CUST-0004,479,251.72838934279363,14,2,0
CUST-0005,154,327.73759464076744,11,2,0
CUST-0006,409,460.78128692243024,15,4,1
CUST-0007,359,418.8964296403106,1,2,0
CUST-0008,32,137.36521782908372,9,1,0
CUST-0009,970,453.8190294857755,30,4,0
CUST-0010,482,161.5954009053782,0,2,1
CUST-0011,385,95.94355985668749,7,1,0
CUST-0012,430,134.31199634274114,29,4,0
CUST-0013,440,338.39367158879173,19,0,0
CUST-0014,123,152.2551242101262,9,4,0
CUST-0015,876,62.179658194761544,9,0,0
CUST-0016,200,229.36002903648884,25,4,0
CUST-0017,239,330.65354515738625,3,4,1
CUST-0018,844,410.8776730101083,22,4,0
CUST-0019,760,451.5190496793735,22,4,1
CUST-0020,993,157.13792931393175,8,3,0
CUST-0021,718,82.46829322606601,25,0,0
CUST-0022,97,290.3814466045849,25,2,0
CUST-0023,255,493.1946970966,20,2,0
CUST-0024,918,271.5309474549392,30,1,0
CUST-0025,909,142.64978728226808,20,4,0
CUST-0026,894,195.35912134784115,6,1,0
CUST-0027,135,432.12878427999726,10,4,1
CUST-0028,595,264.54277898445923,13,3,1
CUST-0029,361,441.5027191893244,26,0,0
CUST-0030,73,290.9327459859504,21,4,0
CUST-0031,347,412.6837976833373,1,0,1
CUST-0032,157,403.42548311439236,24,0,0
CUST-0033,644,241.21252955467554,12,2,0
CUST-0034,358,320.68517316774034,15,3,1
CUST-0035,719,307.41648201137997,2,2,1
CUST-0036,264,384.3950175108884,16,2,0
CUST-0037,370,407.4155177569108,4,3,1
CUST-0038,275,183.7336924136751,20,0,0
CUST-0039,352,108.62027186865733,5,2,0
CUST-0040,112,357.2601108346936,25,3,0
CUST-0041,918,122.70811207984376,11,1,0
CUST-0042,389,243.05046811900888,0,3,1
CUST-0043,457,245.6058407426795,5,4,1
CUST-0044,987,478.4907911583546,14,1,0
CUST-0045,190,163.85683722247143,19,1,0
CUST-0046,509,327.8546790533043,6,0,0
CUST-0047,646,410.9727529239133,7,2,0
CUST-0048,73,330.8585756640538,25,4,0
CUST-0049,840,128.01923970581618,10,2,0
CUST-0050,921,71.25683576447904,10,0,0
CUST-0051,887,433.1101919005841,3,1,1
CUST-0052,256,313.94700045631936,9,0,0
CUST-0053,895,175.9262748580761,17,1,0
CUST-0054,941,350.7003597460277,3,1,1
CUST-0055,176,352.38438468771983,19,1,0
CUST-0056,40,160.07225746042303,8,4,0
CUST-0057,879,413.9427586267136,26,4,0
CUST-0058,914,398.6645408367036,13,2,0
CUST-0059,654,306.99453183624337,8,4,1
CUST-0060,408,396.37195837636966,20,1,0
CUST-0061,361,443.70726595065327,13,0,0
CUST-0062,161,373.37341379782094,27,0,0
CUST-0063,286,216.5930502868549,4,2,0
CUST-0064,282,448.9184313380772,21,3,0
CUST-0065,543,436.11723555981183,10,4,0
CUST-0066,303,466.59184410703,30,0,0
CUST-0067,530,381.6073980251187,18,1,0
CUST-0068,261,482.3337007768356,11,4,0
CUST-0069,294,147.24185179687365,28,2,0
CUST-0070,825,51.574259045128215,8,0,0
CUST-0071,142,91.58049450724207,14,1,0
CUST-0072,294,228.39987325347943,30,2,0
CUST-0073,39,128.31916333719167,6,4,0
CUST-0074,171,239.26775814860787,15,3,0
CUST-0075,813,170.4283495492358,29,0,0
CUST-0076,745,305.8455275291761,19,3,1
CUST-0077,893,447.4101745157891,14,4,1
CUST-0078,262,253.16236032590075,20,4,0
CUST-0079,660,141.83521488704753,18,0,0
CUST-0080,453,256.8193759799266,12,1,0
CUST-0081,237,234.42075806370926,25,1,0
CUST-0082,125,376.0469410116576,6,4,0
CUST-0083,829,198.10217564069117,6,1,0
CUST-0084,954,255.9262728937491,28,1,0
CUST-0085,918,333.08375244686147,21,4,0
CUST-0086,862,182.87350484480413,25,0,0
CUST-0087,838,393.2509118195898,24,3,0
CUST-0088,935,260.67453687990394,2,2,1
CUST-0089,240,391.0939040926699,28,3,0
CUST-0090,282,170.00577440626768,10,1,0
CUST-0091,694,363.62950187266324,8,2,0
CUST-0092,491,411.8738826699461,20,4,0
CUST-0093,834,127.36646789291501,6,1,0
CUST-0094,758,185.1863050847143,11,0,0
CUST-0095,884,130.1048891277618,8,0,0
CUST-0096,711,260.51697273563195,14,4,0
CUST-0097,412,135.97064339957902,1,1,1
CUST-0098,640,344.618038598013,27,4,0
CUST-0099,666,88.11234706567632,16,4,0
CUST-0100,128,314.4107609484515,29,0,0
CUST-0101,545,259.23993695566907,20,0,0
CUST-0102,177,186.77032357748783,22,2,0
CUST-0103,266,457.92305634410013,17,1,0
CUST-0104,505,385.2336250072924,5,0,0
CUST-0105,480,134.84403221583082,8,0,0
CUST-0106,530,295.8685252136056,5,1,0
CUST-0107,995,260.17383950815633,20,2,0
CUST-0108,962,238.74734939850543,21,0,0
CUST-0109,808,341.88412663286897,23,1,0
CUST-0110,146,367.9667636560248,2,0,0
CUST-0111,317,479.50550142940693,20,1,0
CUST-0112,688,170.66132483771693,22,1,0
CUST-0113,977,455.6209543774199,16,0,0
CUST-0114,402,71.8301451858714,26,1,0
CUST-0115,639,212.61257317244997,18,3,0
CUST-0116,88,60.632730190434124,20,1,0
CUST-0117,980,460.2975672018169,0,4,1
CUST-0118,391,97.06175792522468,28,4,0
CUST-0119,63,399.10491661509417,19,3,0
CUST-0120,499,385.50249966682196,8,3,1
CUST-0121,398,470.60125748261135,13,2,0
CUST-0122,496,359.85324768616493,30,1,0
CUST-0123,783,463.8713082812186,9,3,0
CUST-0124,898,222.1214244986465,20,2,0
CUST-0125,280,377.0231881498798,17,4,0
CUST-0126,373,144.99904764086367,29,1,0
CUST-0127,772,348.00950818436854,6,2,0
CUST-0128,846,348.39269415974525,29,2,0
CUST-0129,210,232.23026834869935,4,3,1
CUST-0130,436,160.60667784230796,19,0,0
CUST-0131,337,451.2642827531539,12,2,0
CUST-0132,385,271.95053822981663,20,3,0
CUST-0133,655,232.73699952787416,4,4,1
CUST-0134,267,419.3460430547557,22,0,0
CUST-0135,565,411.679052287948,4,1,1
CUST-0136,220,465.2655741229343,26,3,0
CUST-0137,931,206.81517373911188,22,2,0
CUST-0138,970,348.13858763688467,20,1,0
CUST-0139,268,138.30812645154683,22,3,0
CUST-0140,895,57.8930005558098,18,1,0
CUST-0141,747,243.11276709944823,4,4,1
CUST-0142,485,227.83068321974676,5,4,0
CUST-0143,426,185.2865098822835,7,3,0
CUST-0144,480,304.1076689277338,29,0,0
CUST-0145,189,272.7276550431342,20,1,0
CUST-0146,94,413.698787929768,17,1,0
CUST-0147,206,356.98885480091764,12,3,0
CUST-0148,705,90.010417235967,12,2,0
CUST-0149,444,159.7158507175998,8,1,0
CUST-0150,811,134.8898027384305,29,1,0
CUST-0151,982,467.6685091316147,27,3,0
CUST-0152,121,55.186827914307116,9,3,0
CUST-0153,207,349.35218127545755,28,4,0
CUST-0154,104,382.8236380632437,20,0,0
CUST-0155,135,322.1838390453511,6,3,0
CUST-0156,508,476.04883671308653,12,4,0
CUST-0157,727,394.96606122408184,25,3,0
CUST-0158,471,164.65746130176953,26,2,0
CUST-0159,694,183.4203311260104,9,1,0
CUST-0160,152,148.8248391728813,26,4,0
CUST-0161,934,140.60398740104736,21,4,0
CUST-0162,767,246.34791801457484,11,2,0
CUST-0163,276,402.89381798696166,12,0,0
CUST-0164,429,200.6163254910576,18,3,0
CUST-0165,456,248.7135206668934,29,1,0
CUST-0166,201,234.0170631335122,24,4,0
CUST-0167,950,311.0430223112426,1,4,1
CUST-0168,56,204.88288013253342,14,1,0
CUST-0169,759,212.62902259307947,11,2,0
CUST-0170,836,458.8149064763274,2,1,1
CUST-0171,574,368.3753578378917,13,4,0
CUST-0172,145,134.83104075338412,4,2,1
CUST-0173,542,425.0927132990636,21,1,0
CUST-0174,633,198.40468925643304,12,2,0
CUST-0175,932,288.87511615043843,24,1,0
CUST-0176,730,212.73094029239633,10,0,0
CUST-0177,779,384.2363252718403,18,1,0
CUST-0178,789,359.29326255302755,8,2,0
CUST-0179,459,451.52893373524734,9,2,0
CUST-0180,54,297.7947229905766,24,0,0
CUST-0181,134,409.67003862340624,22,3,0
CUST-0182,276,85.80153808402721,19,0,0
CUST-0183,641,245.66714259764058,15,0,0
CUST-0184,900,342.33801418330006,25,1,0
CUST-0185,746,114.91249557231802,9,4,0
CUST-0186,400,230.53510537645766,22,3,0
CUST-0187,620,435.41686388350325,17,1,0
CUST-0188,802,246.47465016730078,13,2,0
CUST-0189,816,455.9319264162101,29,0,0
CUST-0190,575,59.61603023798007,17,3,1
CUST-0191,999,391.04520443764363,8,2,0
CUST-0192,706,446.0770597361749,28,2,0
CUST-0193,938,489.2763196516421,14,0,0
CUST-0194,563,283.08839102926777,18,1,0
CUST-0195,878,105.9921533744415,11,4,0
CUST-0196,507,357.60543031853194,6,0,0
CUST-0197,887,380.77020291230315,27,4,0
CUST-0198,982,96.13782814831892,20,3,0
CUST-0199,397,72.32946630853009,0,2,1
CUST-0200,564,396.3976843115405,0,0,1
CUST-0201,272,65.9978667221122,5,1,0
CUST-0202,993,280.42070890048586,24,4,1
CUST-0203,773,346.2940934428762,11,3,1
CUST-0204,552,496.5529035547617,11,0,0
CUST-0205,174,256.15025577881323,21,0,0
CUST-0206,503,456.56616375302644,3,2,1
CUST-0207,968,376.86083624124257,11,2,0
CUST-0208,110,269.111828594097,4,4,1
CUST-0209,846,166.5651371672851,9,0,0
CUST-0210,240,92.97822407681089,29,1,0
CUST-0211,580,254.63144294970087,20,2,0
CUST-0212,223,479.81885230950536,18,4,1
CUST-0213,441,62.243206000719006,25,2,0
CUST-0214,944,277.0244157970859,0,2,1
CUST-0215,176,425.38975539006015,17,1,0
CUST-0216,104,232.23474146717595,16,0,0
CUST-0217,682,59.86218811956254,11,1,0
CUST-0218,919,457.6333974110814,18,2,0
CUST-0219,359,185.96368327057874,17,2,0
CUST-0220,519,345.6980237934747,9,3,0
CUST-0221,68,465.96220049380435,5,1,0
CUST-0222,47,463.6960504578513,18,1,0
CUST-0223,380,231.18629476958674,9,4,0
CUST-0224,275,441.80153206308063,20,1,0
CUST-0225,554,214.5782620876259,2,0,1
CUST-0226,153,392.3459144127974,30,3,0
CUST-0227,283,262.91829135325145,17,1,0
CUST-0228,966,108.83565577355222,15,3,1
CUST-0229,431,222.2891479236985,30,0,0
CUST-0230,251,332.7841383794846,24,0,0
CUST-0231,529,310.9437333733583,6,3,1
CUST-0232,667,352.7827295218541,20,4,0
CUST-0233,640,204.3325264706193,22,1,0
CUST-0234,60,81.85807220015583,24,0,0
CUST-0235,786,386.2698826311574,30,4,0
CUST-0236,879,87.22286527438229,5,2,0
CUST-0237,553,389.7171649032591,11,3,0
CUST-0238,297,403.9710797575568,15,2,0
CUST-0239,268,228.46705625999527,13,3,0
CUST-0240,301,492.7441355837541,13,3,1
CUST-0241,349,186.2616268832741,29,4,0
CUST-0242,829,368.782672218586,0,1,1
CUST-0243,540,428.87927691751617,3,1,1
CUST-0244,996,88.11069677874671,6,1,0
CUST-0245,538,398.8887769717655,10,1,0
CUST-0246,410,59.36960258230258,4,1,1
CUST-0247,445,187.45228964754548,23,0,0
CUST-0248,336,185.1046098134945,30,4,0
CUST-0249,174,320.9862283332665,23,2,0
CUST-0250,502,407.86546438235433,22,3,0
CUST-0251,763,222.51451020635574,13,1,0
CUST-0252,244,393.2244588757966,15,4,1
CUST-0253,961,427.94803057787595,20,2,0
CUST-0254,220,195.74098073102988,13,1,0
CUST-0255,253,140.5698762997211,29,0,0
CUST-0256,619,263.6481834847963,27,3,0
CUST-0257,194,116.22307353118667,23,2,0
CUST-0258,647,89.15666631657534,6,1,0
CUST-0259,654,416.5023895701001,28,3,0
CUST-0260,370,226.64700183651732,19,0,0
CUST-0261,752,412.9371021922903,20,1,0
CUST-0262,86,297.35658456856345,20,3,0
CUST-0263,704,303.1036540651279,8,4,0
CUST-0264,235,192.56647864710598,17,1,0
CUST-0265,229,174.1300908063905,28,1,0
CUST-0266,413,303.8487211697972,1,2,1
CUST-0267,743,114.96135991632771,1,0,1
CUST-0268,320,322.7068736466883,7,0,0
CUST-0269,118,186.5997542448243,16,3,0
CUST-0270,56,275.4349796517869,11,2,0
CUST-0271,359,178.3240451267178,17,3,0
CUST-0272,147,439.1699318618655,14,0,0
CUST-0273,366,353.8248717403096,0,1,1
CUST-0274,130,424.35826392569044,1,2,1
CUST-0275,73,380.80079553393057,1,1,1
CUST-0276,175,330.54785452368543,10,2,0
CUST-0277,955,165.15904516601847,26,4,0
CUST-0278,468,321.68300735408064,10,3,0
CUST-0279,93,333.7445790822792,27,0,0
CUST-0280,916,442.72576466448504,6,4,1
CUST-0281,958,495.1723345839659,20,4,1
CUST-0282,588,298.34215175271197,21,0,0
CUST-0283,806,161.41253138015458,25,2,0
CUST-0284,822,345.46065075079247,0,3,1
CUST-0285,959,77.70886653183071,16,3,0
CUST-0286,635,252.0269204945785,2,1,1
CUST-0287,312,117.26562980732241,21,2,0
CUST-0288,691,335.0620057268906,25,4,0
CUST-0289,876,351.4940162626469,9,4,0
CUST-0290,949,80.09063760961149,20,1,0
CUST-0291,224,303.1401768694675,2,2,1
CUST-0292,649,183.27915101983987,13,2,0
CUST-0293,364,214.36904423898545,8,2,0
CUST-0294,492,115.29418739682605,8,0,0
CUST-0295,618,242.2959837393273,21,3,0
CUST-0296,637,440.8910672179439,14,3,0
CUST-0297,493,407.9525022710416,30,1,0
CUST-0298,354,82.153110847683,15,2,0
CUST-0299,849,450.6516152979834,9,2,0
CUST-0300,262,303.87442053684094,17,0,0
CUST-0301,301,401.9692506827042,13,3,0
CUST-0302,952,180.91593149140624,12,3,0
CUST-0303,177,203.6329772178683,25,2,0
CUST-0304,535,181.9643899853805,23,1,0
CUST-0305,289,309.4175469194785,23,2,0
CUST-0306,711,232.68931997338157,3,4,1
CUST-0307,178,153.8551443312527,20,0,0
CUST-0308,47,118.8841556750244,13,0,0
CUST-0309,250,396.5028248245578,29,3,0
CUST-0310,391,440.2563563584675,9,0,0
CUST-0311,141,299.23818877971576,3,4,1
CUST-0312,999,174.41635316376164,20,1,0
CUST-0313,961,370.85839404559357,6,3,1
CUST-0314,768,144.30207353920667,13,0,0
CUST-0315,864,467.1389962327839,13,3,0
CUST-0316,728,345.28718538119404,29,3,0
CUST-0317,662,341.27364720167816,5,4,1
CUST-0318,318,158.18261933645584,28,1,0
CUST-0319,360,97.89233700515733,25,4,0
CUST-0320,592,379.6123789024954,14,1,0
CUST-0321,307,71.3611632787787,8,1,0
CUST-0322,958,420.7121215274934,12,2,0
CUST-0323,213,392.01413093454653,21,0,0
CUST-0324,568,52.3139305320928,25,1,0
CUST-0325,767,407.4715227776927,9,2,0
CUST-0326,73,281.1160229889747,8,0,0
CUST-0327,360,201.19013497756833,11,1,0
CUST-0328,156,403.4015757226624,15,2,0
CUST-0329,656,424.76633058574214,13,4,1
CUST-0330,625,280.5748056758117,13,2,0
CUST-0331,877,373.00900911648137,7,3,0
CUST-0332,773,160.65836787726147,11,3,0
CUST-0333,445,258.606935976375,21,0,0
CUST-0334,502,128.3325937988207,30,0,0
CUST-0335,134,230.99291860345986,14,2,0
CUST-0336,373,493.2541548229247,25,1,0
CUST-0337,511,222.2417675743939,16,3,1
CUST-0338,330,246.4855595734168,8,0,0
CUST-0339,369,361.8436939932398,0,4,1
CUST-0340,360,67.55609465647072,11,4,1
CUST-0341,990,95.69560712890605,11,0,0
CUST-0342,771,80.96181456008577,18,3,0
CUST-0343,332,479.9587016591449,23,1,0
CUST-0344,804,359.8027225711763,19,0,0
CUST-0345,617,435.7517493013617,2,1,1
CUST-0346,733,457.7584624092488,16,1,0
CUST-0347,81,52.47380080457567,5,4,0
CUST-0348,947,340.4132996626186,1,4,1
CUST-0349,546,127.78181937707056,22,1,0
CUST-0350,882,238.97928506657783,26,4,0
CUST-0351,595,259.8963276559186,25,3,0
CUST-0352,277,360.46171446224247,27,3,0
CUST-0353,968,342.97150382543396,24,3,0
CUST-0354,328,71.68005620247772,13,3,0
CUST-0355,248,143.32170267232294,2,0,1
CUST-0356,710,143.425740325891,29,0,0
CUST-0357,373,302.4249195902486,7,4,0
CUST-0358,314,203.91688421769695,26,0,0
CUST-0359,321,438.6673851950765,11,4,0
CUST-0360,413,374.82680517228914,3,0,1
CUST-0361,633,238.10809613125468,20,3,0
CUST-0362,332,369.7101300706173,18,0,0
CUST-0363,48,95.75413350640551,28,1,0
CUST-0364,701,180.5022008036063,26,3,0
CUST-0365,978,462.6935156665069,9,0,0
CUST-0366,118,196.265755936825,29,3,0
CUST-0367,706,325.46112324296826,8,0,0
CUST-0368,456,246.5517452374873,15,1,0
CUST-0369,415,154.56689417873514,23,4,1
CUST-0370,848,182.03646854288044,19,0,0
CUST-0371,182,269.90725161695343,8,4,0
CUST-0372,844,310.59973031232676,29,0,0
CUST-0373,609,264.71428758104537,22,0,0
CUST-0374,370,218.87725417349557,23,4,0
CUST-0375,544,181.4276264019995,5,4,0
CUST-0376,105,245.6923811721496,2,2,1
CUST-0377,900,132.22326941088562,8,1,0
CUST-0378,110,255.0531839425641,22,2,0
CUST-0379,240,355.7152093827417,8,2,0
CUST-0380,30,408.6186274236942,24,2,0
CUST-0381,614,182.5812073342223,27,0,0
CUST-0382,962,169.4477508467395,27,2,0
CUST-0383,826,492.60852044926907,11,2,0
CUST-0384,47,163.4845579634342,22,2,0
CUST-0385,492,305.98948303104135,19,0,0
CUST-0386,84,491.3037692032945,13,4,0
CUST-0387,961,207.7024440892747,17,0,0
CUST-0388,773,68.06737487073431,6,0,0
CUST-0389,358,187.82741398568194,18,2,0
CUST-0390,517,62.78529235317684,25,0,0
CUST-0391,643,260.6692273608889,4,2,1
CUST-0392,616,299.22156824510773,19,4,0
CUST-0393,719,149.6835308141463,15,4,0
CUST-0394,882,498.22566756632096,13,3,0
CUST-0395,694,353.89187956874093,16,3,0
CUST-0396,222,214.86400424678123,10,0,0
CUST-0397,546,205.7935374813251,13,2,0
CUST-0398,869,218.6476651369546,15,2,0
CUST-0399,967,315.1675161282844,15,1,0
CUST-0400,775,252.63510083173182,10,2,0
CUST-0401,842,243.51750587862028,5,4,0
CUST-0402,910,401.3543828052857,21,3,1
CUST-0403,37,103.33442898285372,16,0,0
CUST-0404,447,372.78023010959976,28,3,0
CUST-0405,523,464.7886032674823,4,3,1
CUST-0406,543,133.99686069144983,15,3,0
CUST-0407,960,400.35232843156064,14,4,0
CUST-0408,779,146.59512572428775,7,4,0
CUST-0409,346,152.45920107608663,25,1,0
CUST-0410,658,378.1385143414451,25,1,0
CUST-0411,987,458.29378088456167,11,0,0
CUST-0412,891,381.20967343378567,4,0,1
CUST-0413,482,479.5096383358209,8,4,0
CUST-0414,522,239.47618875463155,20,0,0
CUST-0415,64,312.5765457696573,24,3,0
CUST-0416,736,145.70052633899098,9,4,0
CUST-0417,787,238.80831868266336,10,0,0
CUST-0418,775,478.04837428533494,11,1,0
CUST-0419,113,121.12810643471603,17,1,0
CUST-0420,85,434.2808564884024,14,2,0
CUST-0421,537,79.40331740548447,12,4,0
CUST-0422,715,473.93084661807364,16,1,0
CUST-0423,455,291.4679920889494,26,1,0
CUST-0424,677,369.4462090862513,1,1,1
CUST-0425,42,438.1109453965625,12,2,0
CUST-0426,919,345.67271903269636,30,3,0
CUST-0427,383,193.79403100022188,1,0,1
CUST-0428,240,450.97160072903813,11,2,0
CUST-0429,60,80.03689668341315,25,1,0
CUST-0430,235,385.50371285084447,23,1,0
CUST-0431,245,444.3610376802486,2,4,1
CUST-0432,162,207.82678054443772,16,2,0
CUST-0433,494,380.0443247741214,8,2,0
CUST-0434,711,202.31250079702536,23,0,0
CUST-0435,619,278.1576203577433,23,3,1
CUST-0436,519,443.7544296935526,19,3,0
CUST-0437,363,312.9709605164743,0,4,1
CUST-0438,509,233.77792908444346,18,0,0
CUST-0439,401,417.5277619061387,8,4,0
CUST-0440,466,312.4440356904886,21,1,0
CUST-0441,902,186.72112212292546,20,1,0
CUST-0442,233,228.33456124385862,5,4,0
CUST-0443,250,367.8537713568856,22,2,0
CUST-0444,580,396.7718815573006,17,2,0
CUST-0445,622,341.18505419731076,10,2,0
CUST-0446,888,189.24923348603335,17,0,0
CUST-0447,710,295.2134815030755,28,4,0
CUST-0448,422,196.07442629803464,16,2,0
CUST-0449,143,138.11743288909992,0,4,1
CUST-0450,252,213.71933761136367,18,1,0
CUST-0451,448,242.2501934078495,17,4,0
CUST-0452,245,65.17713898646055,16,0,0
CUST-0453,931,342.3940978899445,17,3,0
CUST-0454,648,224.0213880348756,22,4,0
CUST-0455,512,98.25227482232012,11,1,0
CUST-0456,806,437.3105659366467,29,1,0
CUST-0457,854,139.2080523720967,17,3,0
CUST-0458,622,377.8724864794787,19,1,0
CUST-0459,389,233.08629752614476,30,0,0
CUST-0460,587,419.07585921396196,25,3,0
CUST-0461,571,299.4703642101266,0,3,1
CUST-0462,790,220.0962714215807,22,2,0
CUST-0463,926,335.68707763382986,1,3,1
CUST-0464,600,123.51487925670993,23,2,0
CUST-0465,230,82.99026390022142,10,0,0
CUST-0466,668,107.52182663113767,25,4,1
CUST-0467,999,74.71856122846901,14,4,0
CUST-0468,857,310.2292224415981,21,3,0
CUST-0469,310,95.42709534773999,13,1,0
CUST-0470,912,309.47776828690786,2,4,1
CUST-0471,430,137.4638039471449,5,0,0
CUST-0472,107,365.8040866585724,28,4,0
CUST-0473,833,435.7475777107648,9,4,0
CUST-0474,543,58.98965383632272,6,4,0
CUST-0475,236,378.21638956448277,14,4,0
CUST-0476,234,270.3660924409522,5,0,0
CUST-0477,924,259.56632378088193,20,0,0
CUST-0478,462,177.06921236145217,1,3,1
CUST-0479,496,484.59947768256654,10,1,0
CUST-0480,328,314.3928180853336,2,4,1
CUST-0481,381,176.4541894252246,12,1,0
CUST-0482,417,305.64417323294305,23,3,1
CUST-0483,475,499.2613474723229,28,1,0
CUST-0484,906,297.42254513150925,6,0,0
CUST-0485,846,101.37226025042573,29,2,0
CUST-0486,101,466.46282088659785,28,3,0
CUST-0487,251,70.43724937545328,26,2,0
CUST-0488,430,220.54360745399322,5,0,0
CUST-0489,550,131.83462283031076,27,3,0
CUST-0490,269,385.7801564034049,6,3,0
CUST-0491,302,325.779574560684,0,1,1
CUST-0492,284,153.52657086543962,24,3,0
CUST-0493,793,106.69528813567155,19,4,0
CUST-0494,912,362.4671320759052,27,3,0
CUST-0495,172,296.8381250189086,26,0,0
CUST-0496,652,260.3151734517394,0,2,0
CUST-0497,284,99.55478790489332,5,2,0
CUST-0498,374,408.7349652317778,15,1,0
CUST-0499,698,442.7106481072695,22,1,0
CUST-0500,915,242.27881168846136,25,1,0
CUST-0501,404,367.098654249755,23,2,0
CUST-0502,761,349.0519271309472,26,2,0
CUST-0503,969,175.39159962083704,15,2,0
CUST-0504,340,390.3757787969685,3,4,1
CUST-0505,559,91.60130203939624,11,4,0
CUST-0506,623,486.8690379896379,29,4,0
CUST-0507,795,226.31246535767502,22,1,0
CUST-0508,370,85.08181992660491,23,2,0
CUST-0509,867,140.05924149839996,15,1,0
CUST-0510,83,202.60546065628458,25,2,0
CUST-0511,832,381.8903188266899,25,0,0
CUST-0512,145,493.8648382357572,0,4,1
CUST-0513,508,479.09806480573127,21,4,0
CUST-0514,896,134.30691354244888,25,3,0
CUST-0515,46,271.1566061953797,20,1,0
CUST-0516,836,463.5504843965867,13,0,0
CUST-0517,748,174.596415840573,17,2,0
CUST-0518,120,459.1073508224522,9,2,0
CUST-0519,717,432.1271859150753,13,3,0
CUST-0520,316,436.89278317444223,11,3,0
CUST-0521,493,282.26756120748223,21,1,0
CUST-0522,907,71.60139401360013,17,2,0
CUST-0523,111,151.22437930401475,8,0,0
CUST-0524,704,129.46525390551787,14,4,0
CUST-0525,268,490.97918479524344,19,4,0
CUST-0526,214,131.5146418517665,8,3,0
CUST-0527,250,364.34008534466966,21,3,0
CUST-0528,404,240.97357649192386,8,3,0
CUST-0529,100,317.97543561030943,20,1,0
CUST-0530,803,95.4437613204203,1,2,1
CUST-0531,924,411.27701779179677,24,0,0
CUST-0532,304,255.45057361935474,28,0,0
CUST-0533,302,248.20079137197598,23,0,0
CUST-0534,656,281.61373126811395,20,3,1
CUST-0535,912,449.08376386882685,15,4,0
CUST-0536,229,255.97533152941514,10,1,0
CUST-0537,948,420.3214562639194,3,2,1
CUST-0538,611,151.671480859832,14,3,0
CUST-0539,456,360.52746731060614,15,3,0
CUST-0540,466,496.7720511065731,23,4,1
CUST-0541,536,114.1883695067461,21,0,0
CUST-0542,514,109.4734582908423,19,3,0
CUST-0543,843,190.24245901908102,23,1,0
CUST-0544,622,435.63900085984534,18,3,0
CUST-0545,485,410.51516640385023,20,3,0
CUST-0546,932,52.94654978860236,10,3,0
CUST-0547,386,190.89298596337963,4,4,1
CUST-0548,479,168.72104876790715,12,4,0
CUST-0549,182,469.2583295335777,23,3,1
CUST-0550,377,357.9015821550326,8,2,0
CUST-0551,537,477.78964018646985,19,3,0
CUST-0552,929,304.5540483252054,17,3,0
CUST-0553,795,438.28774758287,25,1,0
CUST-0554,235,492.62616434792204,29,3,0
CUST-0555,838,266.0091237241995,26,2,0
CUST-0556,363,252.74571539875976,29,3,1
CUST-0557,564,86.55680307303355,18,3,0
CUST-0558,420,85.84848624785346,16,3,0
CUST-0559,903,454.8387434965476,0,3,1
CUST-0560,945,462.566585891245,16,4,1
CUST-0561,458,245.4227125240377,3,2,1
CUST-0562,791,354.037853035137,26,2,0
CUST-0563,927,64.22278868407574,26,2,0
CUST-0564,643,235.93007772981653,9,1,0
CUST-0565,701,180.87096701129897,8,2,0
CUST-0566,976,383.08620229486434,18,3,0
CUST-0567,698,381.2093280824595,9,2,0
CUST-0568,542,409.69393246328417,8,1,0
CUST-0569,665,339.6225453269326,13,3,1
CUST-0570,980,123.846634655408,19,1,0
CUST-0571,498,316.9700838456507,17,2,0
CUST-0572,383,122.22605463504334,11,4,0
CUST-0573,241,279.21489586411394,21,3,0
CUST-0574,677,486.6122547012634,16,0,0
CUST-0575,552,146.38109735096072,16,0,0
CUST-0576,127,86.82390053481944,23,0,0
CUST-0577,812,123.06223211059897,21,3,0
CUST-0578,529,324.61469464473123,17,0,0
CUST-0579,578,88.33256155198083,18,3,0
CUST-0580,113,425.54890286190886,25,0,0
CUST-0581,986,288.3300428082722,23,2,0
CUST-0582,388,265.98205905448924,6,4,0
CUST-0583,663,449.5434437168723,1,3,1
CUST-0584,368,137.59999265577082,4,0,1
CUST-0585,127,268.9007053379652,25,0,0
CUST-0586,77,162.26678878264806,4,0,1
CUST-0587,975,162.5929148879648,3,3,1
CUST-0588,776,476.3029761911691,18,1,0
CUST-0589,654,495.73935885610547,7,0,0
CUST-0590,698,355.68436523895554,28,2,0
CUST-0591,946,229.43918230090011,30,1,0
CUST-0592,438,478.0739122336804,11,2,0
CUST-0593,415,232.6939087557591,8,4,0
CUST-0594,591,407.80068865997765,7,2,0
CUST-0595,395,80.76984173034242,0,2,1
CUST-0596,778,365.139673570773,5,2,0
CUST-0597,766,443.83072661045674,21,0,0
CUST-0598,589,262.41609229322114,10,1,0
CUST-0599,446,316.58338811775747,0,3,1
CUST-0600,961,153.6504131182794,27,3,0
CUST-0601,324,361.7451233189219,27,0,0
CUST-0602,286,393.49601583769834,2,3,1
CUST-0603,226,261.88606715386965,22,4,0
CUST-0604,252,416.95081389514695,22,0,0
CUST-0605,431,107.86507581472483,9,4,1
CUST-0606,888,189.8149609233875,28,0,0
CUST-0607,648,449.2435356275267,21,4,0
CUST-0608,634,460.69335939855296,28,0,0
CUST-0609,321,318.06387135058225,4,1,1
CUST-0610,219,426.28015329345476,17,0,0
CUST-0611,486,270.5928200258146,15,2,0
CUST-0612,560,390.2030867987825,24,4,0
CUST-0613,490,462.5635039754635,15,1,0
CUST-0614,675,370.956501901541,17,0,0
CUST-0615,427,474.1574876037541,25,4,0
CUST-0616,793,100.03776419506259,19,2,0
CUST-0617,553,88.93393086662394,24,1,0
CUST-0618,405,287.6612140627773,30,1,0
CUST-0619,555,357.7577984721424,13,2,0
CUST-0620,387,92.8354384712072,3,2,0
CUST-0621,938,90.04590726734455,15,4,0
CUST-0622,282,329.1274847559487,17,2,0
CUST-0623,692,119.21919953730766,24,1,0
CUST-0624,59,423.7861658779304,4,3,1
CUST-0625,786,295.24367502003304,13,3,0
CUST-0626,225,349.51992325558365,29,0,0
CUST-0627,907,344.897392584194,28,0,0
CUST-0628,918,134.27731619349038,14,3,0
CUST-0629,766,137.32254386760792,18,4,0
CUST-0630,280,402.62138270386095,24,0,0
CUST-0631,430,253.16404774471818,11,0,0
CUST-0632,874,68.95729813811644,9,1,0
CUST-0633,939,199.80277389880857,28,4,0
CUST-0634,144,163.5612819893228,17,3,0
CUST-0635,767,139.96040110485376,29,4,1
CUST-0636,826,96.51005121174384,19,4,0
CUST-0637,895,499.47561737676267,21,3,1
CUST-0638,256,300.27832660206553,10,0,0
CUST-0639,135,145.7062458078046,9,0,0
CUST-0640,243,53.1576537326022,13,1,0
CUST-0641,713,102.66132827553398,11,4,0
CUST-0642,732,88.02237439451903,19,2,0
CUST-0643,627,205.4614627845961,24,4,1
CUST-0644,592,83.2634723664383,8,3,0
CUST-0645,361,124.70081284905328,17,1,0
CUST-0646,960,287.97692762002055,25,3,0
CUST-0647,991,224.23322419273592,10,1,0
CUST-0648,751,71.27333149288935,24,0,0
CUST-0649,239,445.2543535324216,20,3,0
CUST-0650,959,413.0070742179798,27,4,0
CUST-0651,711,338.7449093232815,9,2,0
CUST-0652,462,460.65888527270874,8,0,0
CUST-0653,333,152.65270742297605,3,0,1
CUST-0654,907,95.298184764994,28,1,0
CUST-0655,111,229.5369621167046,18,1,0
CUST-0656,657,83.455449376752,3,0,1
CUST-0657,440,181.85545846230107,2,3,1
CUST-0658,957,400.3624590206377,20,3,0
CUST-0659,508,400.1159635965023,28,0,0
CUST-0660,535,119.90564007680268,18,1,0
CUST-0661,444,172.0013345697958,30,1,0
CUST-0662,472,280.65902600766105,27,1,0
CUST-0663,390,77.31128506071815,23,3,0
CUST-0664,262,190.3502694943364,22,2,0
CUST-0665,873,246.75773283942206,17,0,0
CUST-0666,747,139.42329941085586,24,3,1
CUST-0667,912,329.48797791892247,30,2,0
CUST-0668,445,271.74334647073965,19,0,0
CUST-0669,75,358.3317888883517,3,3,1
CUST-0670,361,307.34050240451495,2,2,1
CUST-0671,976,347.66064323426235,21,2,0
CUST-0672,277,381.77473118253397,9,4,0
CUST-0673,475,101.18005207086293,15,4,1
CUST-0674,382,329.3316004330589,1,1,1
CUST-0675,987,296.66723143490776,15,4,0
CUST-0676,301,493.9956673547133,5,2,0
CUST-0677,328,353.8832728514687,16,1,0
CUST-0678,33,406.9451110957046,14,1,0
CUST-0679,379,125.3280274692566,4,0,1
CUST-0680,348,232.58663698195696,16,0,0
CUST-0681,83,240.54611649405336,21,2,0
CUST-0682,83,499.88223030181047,26,3,0
CUST-0683,341,320.6148487478658,24,2,0
CUST-0684,330,129.09395401488882,29,0,0
CUST-0685,804,57.53328486212763,24,4,0
CUST-0686,719,379.4121523462015,1,3,1
CUST-0687,925,125.54512333506376,25,2,0
CUST-0688,776,206.7947723468169,4,0,1
CUST-0689,859,208.75876453176892,13,3,0
CUST-0690,417,201.51660407446965,18,0,0
CUST-0691,879,57.327549156519595,15,3,1
CUST-0692,700,372.471348413865,30,1,0
CUST-0693,966,188.78006771102855,19,0,0
CUST-0694,78,442.08913871884124,30,3,0
CUST-0695,266,495.4965392750539,1,4,1
CUST-0696,143,81.88830243367272,24,1,0
CUST-0697,505,301.6327166206981,0,0,1
CUST-0698,710,134.5692852518867,7,3,1
CUST-0699,972,458.76217742913013,10,2,0
CUST-0700,133,177.39487161431597,19,4,0
CUST-0701,794,58.010252807407575,28,2,0
CUST-0702,542,414.16583704097513,8,0,0
CUST-0703,462,348.66705239039885,23,0,0
CUST-0704,80,347.82698976519725,25,1,0
CUST-0705,956,327.4709329957394,24,3,0
CUST-0706,201,60.262179375533705,30,4,1
CUST-0707,654,151.56351230873952,24,1,0
CUST-0708,786,181.82762725573528,8,0,0
CUST-0709,985,136.9720739345285,13,3,0
CUST-0710,86,360.32827412094804,26,3,0
CUST-0711,424,129.23836574059527,4,2,1
CUST-0712,686,326.3199807389268,1,1,1
CUST-0713,112,377.74526284611056,28,0,0
CUST-0714,170,277.1141888216629,1,4,1
CUST-0715,230,67.13771938893419,29,1,0
CUST-0716,659,157.35820703383382,8,0,0
CUST-0717,399,132.36560818489747,27,2,0
CUST-0718,390,486.32176128529744,28,1,0
CUST-0719,333,365.3682486798934,13,4,0
CUST-0720,407,270.4992474420172,22,1,0
CUST-0721,536,110.0240919301319,27,1,0
CUST-0722,384,277.9942126788547,19,4,0
CUST-0723,267,459.6930359882131,21,4,0
CUST-0724,529,491.74214386122213,20,4,0
CUST-0725,671,419.0774536991891,1,1,1
CUST-0726,720,192.49245384401027,16,0,0
CUST-0727,468,409.1980578455319,21,0,0
CUST-0728,818,464.6358327919252,11,2,0
CUST-0729,354,417.2078533230477,26,2,0
CUST-0730,865,107.86019745709308,13,4,0
CUST-0731,170,179.65558661529616,4,4,1
CUST-0732,783,329.2722119021007,7,2,0
CUST-0733,993,384.7683436657063,10,0,0
CUST-0734,418,303.9070165697101,22,3,1
CUST-0735,700,380.6727002704445,17,4,0
CUST-0736,806,407.5154140807579,11,0,0
CUST-0737,335,272.4767488824217,13,0,0
CUST-0738,405,241.95675760808805,22,1,0
CUST-0739,463,106.94318563236497,25,0,0
CUST-0740,605,164.91598083089417,24,4,0
CUST-0741,489,459.34995440876935,13,0,0
CUST-0742,885,216.90331511198036,8,4,0
CUST-0743,300,150.6148766190982,1,2,1
CUST-0744,931,395.2295827658844,4,2,1
CUST-0745,247,115.44897235684155,5,1,0
CUST-0746,693,306.92311638522176,17,3,0
CUST-0747,64,264.1040721637488,4,1,0
CUST-0748,140,187.10548547956117,7,0,0
CUST-0749,301,470.72160201682135,11,3,0
CUST-0750,519,495.6753137850432,0,4,1
CUST-0751,240,193.30656475464463,25,3,0
CUST-0752,478,388.3349920889569,29,1,0
CUST-0753,950,278.7786637272767,7,0,0
CUST-0754,804,428.8453151881434,4,3,1
CUST-0755,272,127.19552309832508,14,2,0
CUST-0756,365,376.01049191750917,28,3,1
CUST-0757,846,202.4599230811073,13,2,0
CUST-0758,542,376.1822796336396,29,0,0
CUST-0759,314,341.98484477313934,4,4,1
CUST-0760,605,263.5229832517026,21,3,0
CUST-0761,680,80.25987018700565,19,0,0
CUST-0762,937,460.69944931049986,21,0,0
CUST-0763,549,407.46177672925114,2,2,1
CUST-0764,968,102.53240707953765,24,3,0
CUST-0765,837,339.3275085632922,5,3,0
CUST-0766,914,429.03539555203395,14,3,0
CUST-0767,943,467.3871675717899,4,4,1
CUST-0768,243,228.20023840560236,24,0,0
CUST-0769,552,232.8803861373301,16,3,0
CUST-0770,360,458.17451111858725,5,0,0
CUST-0771,892,239.1057258562776,18,3,0
CUST-0772,881,84.80525080357785,7,4,0
CUST-0773,948,357.3604337976323,8,3,0
CUST-0774,529,285.0869895102289,25,0,0
CUST-0775,784,145.58892890215174,25,1,0
CUST-0776,916,227.58861503623822,10,3,0
CUST-0777,215,305.887103019855,4,1,1
CUST-0778,669,476.4652177147368,6,2,0
CUST-0779,529,474.3464789674604,14,2,0
CUST-0780,314,486.4480801870212,6,0,0
CUST-0781,740,128.15230365745637,23,1,0
CUST-0782,284,425.7447701212787,13,2,0
CUST-0783,380,142.69910447176522,23,2,0
CUST-0784,686,173.74413096521585,25,3,0
CUST-0785,430,211.65769922914248,29,2,0
CUST-0786,463,455.58953226508424,5,2,0
CUST-0787,849,81.77354708426876,4,1,1
CUST-0788,793,229.7444749365221,14,4,1
CUST-0789,821,120.99406118221191,6,3,0
CUST-0790,653,295.5946253764389,23,0,0
CUST-0791,911,468.69779821498355,14,0,0
CUST-0792,149,428.48499948290333,19,1,0
CUST-0793,728,168.91366553295094,26,1,0
CUST-0794,822,488.5784262278054,25,3,0
CUST-0795,399,211.9435167740939,14,0,0
CUST-0796,484,89.12010494783871,21,4,0
CUST-0797,817,140.07927550235698,29,1,0
CUST-0798,259,67.32354371881844,14,1,0
CUST-0799,493,287.2594087496725,15,2,0
CUST-0800,270,297.4262480833639,21,2,0
CUST-0801,122,318.2540768223348,4,1,1
CUST-0802,651,386.20672084665324,26,4,0
CUST-0803,281,263.61714180022716,29,3,0
CUST-0804,950,153.41630945882832,8,3,0
CUST-0805,344,64.0094564508756,29,0,0
CUST-0806,841,117.906971731171,20,0,0
CUST-0807,492,401.1833296734557,6,4,0
CUST-0808,667,335.12639362681307,24,0,0
CUST-0809,622,210.31690442991317,14,3,0
CUST-0810,540,431.40076534381967,15,2,0
CUST-0811,173,98.23322130837131,22,1,0
CUST-0812,443,239.65900796200685,29,1,0
CUST-0813,181,417.60295703480983,28,1,0
CUST-0814,188,326.2160637321564,17,0,0
CUST-0815,353,149.0181903285618,0,4,1
CUST-0816,192,331.28436507276285,5,4,0
CUST-0817,703,335.5574139359419,22,1,0
CUST-0818,960,164.10893633089387,22,0,0
CUST-0819,989,493.4742756701537,7,1,0
CUST-0820,513,371.2936996338637,5,4,1
CUST-0821,346,304.3448633470783,25,2,0
CUST-0822,408,55.45942643702788,13,2,0
CUST-0823,95,238.55108176948517,27,0,0
CUST-0824,603,244.00119987884582,0,0,1
CUST-0825,900,406.2164752039066,2,1,0
CUST-0826,163,306.9299427301766,0,3,1
CUST-0827,50,59.74608491305988,14,3,0
CUST-0828,204,194.93481108161077,13,4,0
CUST-0829,129,152.85415011052586,11,3,0
CUST-0830,223,405.52522524253436,20,1,0
CUST-0831,485,338.2144943153381,30,4,1
CUST-0832,587,441.77840464038417,18,2,0
CUST-0833,538,108.14706634948624,8,3,0
CUST-0834,331,339.0844502421709,19,2,0
CUST-0835,487,461.52139327882816,3,2,1
CUST-0836,86,337.13892141017874,9,1,0
CUST-0837,480,336.7051685991708,11,4,0
CUST-0838,267,411.07028534646645,22,2,0
CUST-0839,332,146.55358966465045,17,0,0
CUST-0840,253,219.46247016679325,21,3,0
CUST-0841,986,385.94664388865027,24,1,0
CUST-0842,272,161.5640837933887,0,4,1
CUST-0843,774,71.71494168094279,26,0,0
CUST-0844,645,103.0225691556254,10,3,0
CUST-0845,388,376.6932913199849,25,0,0
CUST-0846,586,394.3454191616763,30,0,0
CUST-0847,298,264.06898051056163,8,0,0
CUST-0848,559,378.77195986136996,12,3,0
CUST-0849,824,210.71986591481465,1,0,1
CUST-0850,101,380.5940533553722,27,1,0
CUST-0851,79,287.5136747780636,30,1,0
CUST-0852,77,244.56410827957666,29,4,0
CUST-0853,754,366.0121758616423,26,0,0
CUST-0854,783,484.31225949554914,23,1,0
CUST-0855,170,230.7828273967499,30,4,0
CUST-0856,280,108.83051906943496,7,4,0
CUST-0857,128,140.04848794649826,17,1,0
CUST-0858,481,106.06763750246907,29,2,0
CUST-0859,829,211.44316761347878,23,0,0
CUST-0860,990,267.22791399381833,15,0,0
CUST-0861,329,55.69687533137603,14,0,0
CUST-0862,104,308.6782699610386,30,2,0
CUST-0863,321,349.62205534615396,17,2,0
CUST-0864,253,307.56572238018106,26,3,0
CUST-0865,736,409.4565239773482,29,3,0
CUST-0866,465,395.610480744748,29,4,0
CUST-0867,415,398.551498473394,10,1,0
CUST-0868,144,357.4426832226249,15,3,0
CUST-0869,880,221.68299737862577,30,4,0
CUST-0870,789,163.10956676300958,17,3,0
CUST-0871,149,163.7904319061626,5,0,0
CUST-0872,866,159.0898430496317,28,3,0
CUST-0873,705,399.99149221151663,14,1,0
CUST-0874,884,476.3845073533121,24,4,0
CUST-0875,982,232.55425167410405,17,2,0
CUST-0876,90,111.23827081706634,17,3,0
CUST-0877,838,149.26036844495133,2,4,1
CUST-0878,608,379.47552306828163,20,1,0
CUST-0879,758,197.60382639814782,18,0,0
CUST-0880,584,413.0812515199877,9,3,0
CUST-0881,234,334.2937946074961,12,0,0
CUST-0882,692,83.0168089336186,18,0,0
CUST-0883,631,98.93841556474618,20,2,0
CUST-0884,188,61.26063461564661,13,2,0
CUST-0885,303,267.7899833813767,27,2,0
CUST-0886,412,289.7708012517408,23,0,0
CUST-0887,269,499.65959273858954,7,4,0
CUST-0888,923,353.6078811255837,4,2,1
CUST-0889,969,325.5911939726973,29,0,0
CUST-0890,96,237.82315145534972,10,3,1
CUST-0891,364,476.7956451076514,9,1,0
CUST-0892,739,468.06155965642813,16,0,0
CUST-0893,131,120.4412058591245,14,4,0
CUST-0894,733,123.37477059376282,4,1,1
CUST-0895,62,170.97942749727088,0,1,1
CUST-0896,989,341.06487552158353,1,0,1
CUST-0897,787,287.218646286173,10,2,0
CUST-0898,297,212.0433897743621,12,3,0
CUST-0899,957,360.6723367146937,2,0,1
CUST-0900,763,62.460456027004,13,4,0
CUST-0901,168,325.5779441914782,21,1,0
CUST-0902,143,173.2013538863563,19,1,0
CUST-0903,263,436.2418294670093,21,2,0
CUST-0904,262,314.8563272646693,20,1,0
CUST-0905,967,310.7713116730619,6,4,0
CUST-0906,953,96.32522784710102,11,2,0
CUST-0907,152,237.8819724090196,21,3,0
CUST-0908,424,340.60735692484735,27,0,0
CUST-0909,906,183.82451430744328,11,2,0
CUST-0910,915,341.57651314232993,7,0,0
CUST-0911,440,458.67080494428853,23,3,1
CUST-0912,781,444.0714621965411,14,3,0
CUST-0913,390,269.0838082168891,10,3,1
CUST-0914,485,254.7486027367245,22,2,0
CUST-0915,295,212.93591818755075,21,1,0
CUST-0916,818,301.83888315395575,8,4,0
CUST-0917,390,472.01048045227185,7,2,0
CUST-0918,921,197.3086199266519,13,0,0
CUST-0919,922,373.9621493286881,20,2,0
CUST-0920,157,153.99410372242806,0,2,1
CUST-0921,622,142.2682302933669,5,0,0
CUST-0922,341,230.73263905587422,19,2,0
CUST-0923,203,176.66819116999497,12,0,0
CUST-0924,667,262.0005569099542,12,3,0
CUST-0925,781,119.54375481677523,20,3,0
CUST-0926,456,86.90699152324808,0,4,1
CUST-0927,949,87.03744655425115,24,2,0
CUST-0928,919,248.04097155731642,22,2,0
CUST-0929,852,426.24896426253815,16,1,0
CUST-0930,141,348.9144544726143,8,0,0
CUST-0931,933,205.7538562254324,24,2,0
CUST-0932,971,111.35779063286591,16,1,0
CUST-0933,111,439.7745256437193,0,4,1
CUST-0934,980,285.1823908163859,18,4,0
CUST-0935,821,84.64388091468308,7,3,0
CUST-0936,263,477.2634673693297,6,0,0
CUST-0937,479,454.8959280704179,14,4,0
CUST-0938,437,102.24401457294564,21,2,0
CUST-0939,118,480.47582969290966,14,1,0
CUST-0940,874,305.8484995467502,30,2,0
CUST-0941,91,479.3026923885385,30,3,0
CUST-0942,212,370.17905423584284,18,2,0
CUST-0943,524,346.3885508815568,11,3,0
CUST-0944,481,338.0579204425183,6,1,0
CUST-0945,681,370.7217228371852,12,3,0
CUST-0946,752,60.88597365788124,19,0,0
CUST-0947,834,110.20568663684871,15,1,0
CUST-0948,842,468.0393796376315,16,3,1
CUST-0949,898,359.8831214054308,15,1,0
CUST-0950,921,444.5419750247822,30,4,0
CUST-0951,42,226.79914474482186,17,2,0
CUST-0952,551,266.9149861376351,25,3,0
CUST-0953,556,89.85666478082226,18,1,0
CUST-0954,384,367.1312815880729,22,3,0
CUST-0955,131,52.71354844860252,1,3,1
CUST-0956,757,329.5248303275714,3,4,1
CUST-0957,929,371.52963641799545,11,4,0
CUST-0958,690,157.95204606526278,29,0,0
CUST-0959,111,244.71575796133124,15,4,1
CUST-0960,473,456.40327503054317,12,3,1
CUST-0961,569,180.12659350159834,1,3,1
CUST-0962,696,136.06824687259046,21,4,0
CUST-0963,820,300.30234618584495,5,2,0
CUST-0964,817,296.17672408474044,15,2,0
CUST-0965,813,156.2063228188124,10,2,0
CUST-0966,87,148.23820027971362,15,2,0
CUST-0967,931,394.65432135903404,2,0,1
CUST-0968,428,314.88339574367666,3,4,1
CUST-0969,529,262.2696957831175,21,1,0
CUST-0970,725,110.08327629398057,17,3,0
CUST-0971,126,167.15810613886043,17,4,0
CUST-0972,185,140.00485213968142,30,1,0
CUST-0973,587,258.80620019665025,18,4,0
CUST-0974,402,451.20431989217286,28,4,0
CUST-0975,114,353.3536713331698,11,1,0
CUST-0976,809,192.48500670824225,18,0,0
CUST-0977,446,310.9811740876501,23,1,0
CUST-0978,476,461.3976252718004,6,0,0
CUST-0979,113,83.8067431116637,26,1,0
CUST-0980,631,353.68436395172495,27,0,0
CUST-0981,862,494.4611844853366,23,1,0
CUST-0982,494,122.91186130557415,13,4,0
CUST-0983,116,288.08819078171666,1,2,1
CUST-0984,165,466.55654575689454,20,1,0
CUST-0985,565,449.25802860232625,26,4,0
CUST-0986,194,488.5391787148068,29,1,0
CUST-0987,779,278.31015410287307,30,2,0
CUST-0988,758,172.43791015166585,11,3,0
CUST-0989,715,90.3263920930247,9,3,0
CUST-0990,850,279.9027508340323,12,1,0
CUST-0991,512,93.06935511717066,21,1,0
CUST-0992,853,117.08467345522736,7,2,0
CUST-0993,235,51.1211484449868,8,3,1
CUST-0994,302,261.9273051595809,11,0,0
CUST-0995,933,355.87960163757515,20,4,0
CUST-0996,81,336.9354126397501,7,2,0
CUST-0997,264,252.58692820057763,10,0,0
CUST-0998,807,218.96550237310032,28,1,0
CUST-0999,370,214.59304575257616,1,4,1
CUST-1000,582,471.0032715471477,5,3,0
CUST-1001,208,324.2680956501113,27,3,0
CUST-1002,501,87.46446669449737,21,1,0
CUST-1003,556,314.7342671400594,3,1,1
CUST-1004,603,178.45460791902258,7,2,0
CUST-1005,654,251.562536680364,26,3,0
CUST-1006,768,118.40647594971155,1,3,1
CUST-1007,250,153.79219828546505,16,2,0
CUST-1008,984,210.37470129115903,5,4,0
CUST-1009,537,322.02080859196013,10,4,0
CUST-1010,790,393.91591404218707,13,2,0
CUST-1011,705,309.2757804322729,26,0,0
CUST-1012,883,249.87218683768202,29,2,0
CUST-1013,314,111.58670265615919,28,4,0
CUST-1014,781,450.58906962556694,20,3,0
CUST-1015,430,172.57483872207828,4,2,1
CUST-1016,436,330.4616034783747,28,4,1
CUST-1017,786,469.0349085409383,6,2,0
CUST-1018,304,233.19777278037367,4,0,1
CUST-1019,190,112.77889148564576,11,4,0
CUST-1020,900,68.91592789310232,10,3,0
CUST-1021,898,161.742664646715,23,0,0
CUST-1022,254,165.41437136852022,26,1,0
CUST-1023,913,492.52701365513,15,4,1
CUST-1024,187,199.7823443642686,2,0,1
CUST-1025,37,67.68711144300025,16,4,0
CUST-1026,167,246.15724713124442,23,0,0
CUST-1027,792,363.109012073485,19,4,1
CUST-1028,507,78.27901187040227,26,0,0
CUST-1029,279,215.6194718666234,29,0,0
CUST-1030,164,390.62058134789294,14,4,0
CUST-1031,403,75.2682675399648,1,3,1
CUST-1032,519,370.42607818014096,11,0,0
CUST-1033,256,229.17692469290915,0,2,1
CUST-1034,147,56.35762127772529,1,4,1
CUST-1035,69,311.6630617574327,2,3,1
CUST-1036,657,223.05938254314782,25,3,0
CUST-1037,578,323.7866334240196,5,0,0
CUST-1038,111,333.6250285902583,30,4,0
CUST-1039,707,245.6817374346138,16,1,0
CUST-1040,850,486.22145106271273,27,0,0
CUST-1041,789,462.7711214075987,17,1,0
CUST-1042,824,237.55773899439532,4,3,1
CUST-1043,547,410.96167688443904,15,3,0
CUST-1044,761,173.66717476606928,19,1,0
CUST-1045,680,72.12264997337991,26,1,0
CUST-1046,620,193.18568622349392,28,0,0
CUST-1047,366,206.75155180440746,20,4,0
CUST-1048,287,170.0924899557005,6,1,0
CUST-1049,570,360.7705966574669,7,4,1
CUST-1050,842,444.3714719211503,12,2,0
CUST-1051,254,485.6865817727421,28,3,0
CUST-1052,516,176.73137433231474,29,4,0
CUST-1053,918,221.60686923930152,20,4,0
CUST-1054,331,419.0585784084372,9,0,0
CUST-1055,575,452.56392081209543,20,3,0
CUST-1056,856,342.6585656731038,12,3,0
CUST-1057,117,139.9269323731802,6,1,0
CUST-1058,334,308.154238597654,19,1,0
CUST-1059,704,440.4270985472037,25,4,0
CUST-1060,225,304.6623493477215,12,3,0
CUST-1061,620,114.7363674751602,28,4,1
CUST-1062,449,346.775129170629,16,0,0
CUST-1063,670,414.6456547703111,11,2,0
CUST-1064,813,59.56693154776175,11,2,0
CUST-1065,731,93.38892033605669,17,3,1
CUST-1066,68,174.65198749943283,22,3,0
CUST-1067,312,380.88163150686574,24,3,0
CUST-1068,40,390.16258244103284,10,2,0
CUST-1069,874,474.5270956364714,20,1,0
CUST-1070,603,282.7717251241509,9,1,0
CUST-1071,713,178.4294989838279,30,3,0
CUST-1072,820,208.85690894009832,4,4,1
CUST-1073,719,59.37315105482071,22,3,1
CUST-1074,640,274.03084951526534,22,2,0
CUST-1075,279,466.1187552122673,2,0,1
CUST-1076,555,199.7541436950118,6,0,0
CUST-1077,903,161.83635046494805,22,1,0
CUST-1078,184,130.4395807557377,18,4,1
CUST-1079,569,394.18546629713677,6,4,0
CUST-1080,476,391.96700401080614,19,1,0
CUST-1081,186,62.06350923528463,19,1,0
CUST-1082,389,67.50250986652566,18,3,0
CUST-1083,689,254.60985176160534,6,2,0
CUST-1084,871,263.621991285627,15,3,0
CUST-1085,175,358.91663694184507,27,2,0
CUST-1086,323,354.3589768260945,14,1,0
CUST-1087,569,83.02981547318723,18,3,0
CUST-1088,466,189.67155722693295,15,2,0
CUST-1089,672,273.2120006606924,13,0,0
CUST-1090,770,251.07158471825088,0,4,1
CUST-1091,244,181.53891284792957,11,0,0
CUST-1092,351,96.95884399363136,23,2,0
CUST-1093,890,406.8491604464523,5,3,0
CUST-1094,143,89.05875115095512,17,2,0
CUST-1095,688,65.92099168378297,22,3,0
CUST-1096,255,135.97022422543932,6,4,0
CUST-1097,179,239.79692774546214,21,1,0
CUST-1098,822,461.63834127913293,13,1,0
CUST-1099,696,186.4674736632319,29,1,0
CUST-1100,966,265.1445675452384,1,2,1
CUST-1101,358,413.4127351009782,29,2,0
CUST-1102,429,395.05466877980143,9,3,0
CUST-1103,986,250.56193333208833,15,0,0
CUST-1104,686,499.5446224158382,25,2,0
CUST-1105,157,67.67841960434252,11,1,0
CUST-1106,712,368.8317975945517,0,0,1
CUST-1107,282,346.87977075482166,20,2,0
CUST-1108,806,314.01038099188037,30,0,0
CUST-1109,176,315.34881391478694,6,0,0
CUST-1110,305,324.62756471178994,17,2,0
CUST-1111,216,291.4858887813945,15,0,0
CUST-1112,431,356.8425053233789,24,1,0
CUST-1113,431,363.747916101888,12,0,0
CUST-1114,357,265.4277996965178,25,0,0
CUST-1115,985,241.24797312314843,6,0,0
CUST-1116,405,408.3859557780682,15,2,0
CUST-1117,334,442.60674830045775,1,0,1
CUST-1118,634,354.1513579991837,16,0,0
CUST-1119,255,344.396722183725,1,3,1
CUST-1120,928,299.50282613259907,30,1,0
CUST-1121,116,404.5998306292771,1,4,1
CUST-1122,57,92.00006871570525,7,1,0
CUST-1123,250,151.7593283310389,27,0,0
CUST-1124,623,483.25346993985454,10,1,0
CUST-1125,452,97.5613946947737,14,4,0
CUST-1126,465,364.6214616501823,29,4,1
CUST-1127,703,233.87789813493566,0,2,1
CUST-1128,662,403.67294107190963,12,1,0
CUST-1129,996,407.31047627176343,23,3,0
CUST-1130,846,471.0307173738456,6,3,0
CUST-1131,422,234.41524677276922,25,1,0
CUST-1132,108,190.39013915995292,17,2,0
CUST-1133,520,65.7036020033171,2,2,1
CUST-1134,931,420.9880953384038,18,4,0
CUST-1135,829,179.4775685573527,9,0,0
CUST-1136,324,254.83316486881262,29,1,0
CUST-1137,351,287.74908797068844,13,0,0
CUST-1138,492,120.50604744789018,21,0,0
CUST-1139,45,266.9397736042854,9,0,0
CUST-1140,731,163.4978394314894,23,2,0
CUST-1141,620,337.6443151682817,25,2,0
CUST-1142,144,143.82897328705053,2,4,1
CUST-1143,225,151.73192340541073,13,0,0
CUST-1144,967,495.13359528208144,5,4,0
CUST-1145,94,290.2877236163681,7,3,0
CUST-1146,38,451.8263506287659,13,1,0
CUST-1147,310,362.23652228291877,21,2,0
CUST-1148,867,403.76513887352763,8,1,0
CUST-1149,582,152.17718779334905,17,3,0
CUST-1150,908,247.38789544136148,30,0,0
CUST-1151,262,92.04462833638982,17,4,0
CUST-1152,105,415.33166763404085,16,0,0
CUST-1153,842,231.9264862164388,29,3,0
CUST-1154,309,273.8918755918219,24,1,0
CUST-1155,144,384.1817721479249,14,3,0
CUST-1156,918,379.57356360188624,19,4,0
CUST-1157,972,185.2765641805411,1,2,1
CUST-1158,223,454.5313658081978,24,3,0
CUST-1159,439,90.37768529974437,20,3,0
CUST-1160,773,438.53779726513017,25,0,0
CUST-1161,65,196.12625744475068,30,2,0
CUST-1162,858,441.34333797608423,4,4,1
CUST-1163,212,495.86113095539804,13,3,0
CUST-1164,879,141.11205036987235,4,2,0
CUST-1165,995,264.43882210101435,2,0,1
CUST-1166,980,270.81379154245167,15,0,0
CUST-1167,135,326.50882887258234,10,1,0
CUST-1168,168,355.1179814697773,10,4,0
CUST-1169,511,419.90849908594225,7,4,0
CUST-1170,154,87.97798581699233,14,0,0
CUST-1171,191,494.61748684522723,7,2,0
CUST-1172,398,290.95908113698204,3,1,1
CUST-1173,777,345.0393449327018,18,0,0
CUST-1174,280,437.73556727807215,28,2,0
CUST-1175,500,56.42107008239224,20,1,0
CUST-1176,613,239.31447140688425,13,2,0
CUST-1177,754,285.1973589375388,8,0,0
CUST-1178,489,346.25252012127197,19,3,1
CUST-1179,125,325.73175012554987,0,4,1
CUST-1180,138,337.5505811016349,2,1,0
CUST-1181,250,195.7115386235642,22,1,0
CUST-1182,797,239.5915974852767,5,4,1
CUST-1183,767,335.6520846397626,3,3,1
CUST-1184,960,250.07726280024207,11,1,0
CUST-1185,893,428.35819294416643,16,0,0
CUST-1186,834,160.47874878902633,20,1,0
CUST-1187,613,283.52467691241793,9,0,0
CUST-1188,435,409.04998064974944,4,4,1
CUST-1189,842,165.63346967187454,23,3,0
CUST-1190,283,377.95214901399265,4,0,1
CUST-1191,379,256.86013235421683,18,0,0
CUST-1192,523,429.8443440209322,12,2,0
CUST-1193,40,94.36779097286504,12,4,0
CUST-1194,133,413.7203285982748,3,4,1
CUST-1195,818,298.30769679622273,24,0,0
CUST-1196,960,103.35754918541863,19,3,0
CUST-1197,636,170.5522766736487,19,3,1
CUST-1198,814,201.84900008718705,0,1,1
CUST-1199,148,489.23722655916833,26,1,0
CUST-1200,987,327.082270401821,0,1,1
CUST-1201,844,484.07413389624776,3,3,1
CUST-1202,333,179.7470929150467,4,3,1
CUST-1203,780,428.51992732329165,9,2,0
CUST-1204,686,312.2849653684692,1,3,1
CUST-1205,129,498.4815549806071,0,4,1
CUST-1206,798,319.3273623552684,17,2,0
CUST-1207,795,73.91615781152964,28,4,0
CUST-1208,304,278.6340592466084,9,1,0
CUST-1209,364,393.76832455451296,10,0,0
CUST-1210,635,265.7029375888442,14,4,0
CUST-1211,297,361.64801916579665,24,3,0
CUST-1212,900,438.9847634053718,13,1,0
CUST-1213,153,232.52740862282076,1,4,1
CUST-1214,906,420.0412539110703,7,0,0
CUST-1215,250,218.1896993666565,14,2,0
CUST-1216,169,263.60848785681316,22,0,0
CUST-1217,611,482.0600547950207,20,3,0
CUST-1218,980,383.3683081316204,23,2,0
CUST-1219,74,198.4361482000579,20,1,0
CUST-1220,147,425.3027736356875,8,2,0
CUST-1221,591,378.0694586381303,17,0,0
CUST-1222,165,299.60191066441246,4,4,1
CUST-1223,715,100.30580613903635,5,2,0
CUST-1224,915,322.61374687093235,17,2,0
CUST-1225,636,70.47002362349357,15,4,0
CUST-1226,75,427.324928575972,24,0,0
CUST-1227,347,115.55414614063669,15,4,0
CUST-1228,791,285.7620128728481,7,0,0
CUST-1229,707,117.07332860000317,3,1,1
CUST-1230,238,441.4838969895593,22,0,0
CUST-1231,408,461.2452841070002,13,3,0
CUST-1232,410,245.72035297107266,10,0,0
CUST-1233,568,56.169673537232285,4,1,1
CUST-1234,941,336.54187310371964,24,1,0
CUST-1235,242,396.3724989684002,7,2,0
CUST-1236,850,327.63667449833366,22,2,0
CUST-1237,331,242.9267492808722,0,3,1
CUST-1238,43,430.94176508443184,7,4,0
CUST-1239,700,263.8486034456239,11,0,0
CUST-1240,398,298.89633430159523,2,0,0
CUST-1241,676,241.7835854045542,4,3,1
CUST-1242,748,458.3077686038973,18,2,0
CUST-1243,144,435.1908121417736,12,1,0
CUST-1244,209,186.57079344830063,13,3,0
CUST-1245,715,428.2329726075425,1,4,1
CUST-1246,467,176.43482111700425,10,0,0
CUST-1247,149,322.4071777223308,6,1,0
CUST-1248,73,380.84504414322447,28,4,1
CUST-1249,946,193.19836154464363,4,1,1
CUST-1250,454,446.04959573144015,19,1,0
CUST-1251,135,309.8641219969539,29,4,0
CUST-1252,721,117.56608396813773,17,4,1
CUST-1253,117,71.00949139453891,12,1,0
CUST-1254,293,156.30501301392403,18,0,0
CUST-1255,840,443.80588680121633,23,3,1
CUST-1256,601,120.40358128500442,0,0,1
CUST-1257,975,306.6928308298496,21,3,0
CUST-1258,59,333.6258804797708,14,1,0
CUST-1259,115,132.87680732994284,20,4,0
CUST-1260,433,146.1720922666862,15,3,0
CUST-1261,686,420.48252249986894,10,1,0
CUST-1262,191,391.4488246155156,28,1,0
CUST-1263,548,332.2559849623885,25,2,0
CUST-1264,555,178.02137231163317,27,4,0
CUST-1265,592,485.1158045569238,17,0,0
CUST-1266,548,479.81905550940553,3,3,1
CUST-1267,409,402.09414135661046,28,1,0
CUST-1268,119,258.42336879498725,14,1,0
CUST-1269,147,407.5009230037787,8,0,0
CUST-1270,685,198.3310510399097,22,3,0
CUST-1271,268,188.1137385499251,7,1,0
CUST-1272,158,304.80187659902737,11,1,0
CUST-1273,756,388.2288524897308,8,4,1
CUST-1274,491,202.97497376739435,14,1,0
CUST-1275,538,377.08127889975447,5,4,0
CUST-1276,464,238.20879738294695,1,2,1
CUST-1277,176,316.8492789127881,18,0,0
CUST-1278,935,208.81171740786684,14,4,1
CUST-1279,640,363.8150349168592,22,0,0
CUST-1280,984,70.36517638319611,25,1,0
CUST-1281,480,225.6308584804294,3,2,1
CUST-1282,788,460.1128454041357,22,3,0
CUST-1283,124,457.0401676839771,2,1,1
CUST-1284,312,119.68025405151162,10,3,0
CUST-1285,119,246.53199827367516,2,1,1
CUST-1286,226,208.85001214531408,4,3,1
CUST-1287,516,206.56258639170213,6,1,0
CUST-1288,215,389.3605638422758,28,1,0
CUST-1289,673,85.39697188484972,30,3,1
CUST-1290,69,386.9969308746349,22,4,0
CUST-1291,340,377.3898495351731,21,1,0
CUST-1292,845,241.3054301209304,21,3,0
CUST-1293,80,159.71272060136195,12,4,0
CUST-1294,442,461.29242714685864,29,1,0
CUST-1295,567,268.52834087055703,15,0,0
CUST-1296,853,471.9800731952542,14,2,0
CUST-1297,563,325.72127438562273,16,3,0
CUST-1298,314,443.5424286443104,21,3,0
CUST-1299,918,194.59589035536436,17,4,0
CUST-1300,606,326.3412829550436,25,4,0
CUST-1301,867,328.7685892660861,15,4,0
CUST-1302,407,344.8920531625951,13,3,1
CUST-1303,652,176.84513969809802,22,2,0
CUST-1304,119,293.68181762953515,23,1,0
CUST-1305,148,459.00308354784175,27,3,0
CUST-1306,269,488.21733843940837,13,3,1
CUST-1307,725,78.13657683347455,24,1,0
CUST-1308,135,140.05493014201514,19,4,0
CUST-1309,144,78.81437829312344,9,1,0
CUST-1310,853,381.0710426124816,19,1,0
CUST-1311,910,433.4911660725942,24,1,0
CUST-1312,582,86.38870652684875,4,2,0
CUST-1313,706,491.5784955081159,0,0,1
CUST-1314,408,299.6583286322568,24,2,0
CUST-1315,722,484.8299275408985,1,1,0
CUST-1316,330,365.6863842642278,28,4,0
CUST-1317,526,452.76378644259495,6,0,0
CUST-1318,520,367.4439218466988,20,1,0
CUST-1319,728,147.12991893279502,14,3,1
CUST-1320,260,95.80972643405926,16,2,0
CUST-1321,674,121.06358976114039,7,3,0
CUST-1322,201,487.72813408540617,11,3,0
CUST-1323,635,328.02880373382453,28,2,0
CUST-1324,376,365.3208400670241,27,0,0
CUST-1325,636,290.40699489723414,17,4,0
CUST-1326,674,431.8529640330114,6,2,0
CUST-1327,710,326.92386917607297,20,2,0
CUST-1328,423,472.7008337268942,26,4,0
CUST-1329,344,134.30518505388426,7,4,0
CUST-1330,843,155.6753086839667,3,2,1
CUST-1331,286,112.12265509659616,19,0,0
CUST-1332,196,428.44508448237235,19,3,0
CUST-1333,197,95.32491591453717,15,0,0
CUST-1334,900,439.70742787243324,11,2,0
CUST-1335,440,269.5283639594294,13,1,0
CUST-1336,413,402.5250962450186,21,3,0
CUST-1337,700,91.60388373563863,20,2,0
CUST-1338,303,279.672926648213,8,2,0
CUST-1339,971,465.49098352051584,28,1,0
CUST-1340,649,52.53928482226847,13,3,0
CUST-1341,310,142.05508417901362,14,4,0
CUST-1342,533,196.26391147940032,3,1,1
CUST-1343,690,371.73088303826404,4,0,1
CUST-1344,444,216.65635958290738,4,4,1
CUST-1345,329,180.74038376668497,2,3,1
CUST-1346,296,135.83302100073027,23,4,0
CUST-1347,821,476.03797357959576,15,2,0
CUST-1348,666,85.39052410784785,14,4,0
CUST-1349,928,469.8375168843155,19,2,0
CUST-1350,341,91.02594916687413,29,0,0
CUST-1351,316,296.3194897556987,13,1,0
CUST-1352,289,60.70455305707462,20,0,0
CUST-1353,898,294.5407630906917,1,0,1
CUST-1354,292,394.5315062680518,20,4,0
CUST-1355,761,98.15240455345983,4,4,1
CUST-1356,675,222.03884489864916,4,0,1
CUST-1357,448,88.97205082377675,19,0,0
CUST-1358,825,238.8020873951998,1,0,0
CUST-1359,408,430.3230348890073,3,2,1
CUST-1360,47,283.531470925384,28,3,1
CUST-1361,912,202.43868045477168,5,0,0
CUST-1362,422,387.8431042152209,13,3,0
CUST-1363,514,116.87266532813177,14,4,0
CUST-1364,785,248.758072048154,20,1,0
CUST-1365,977,473.2371858636144,14,2,0
CUST-1366,618,134.73271369445322,8,2,0
CUST-1367,832,160.44042389971227,26,4,0
CUST-1368,885,251.75892726439184,29,3,1
CUST-1369,438,275.8032198586694,25,4,0
CUST-1370,890,263.29148874998145,10,1,0
CUST-1371,74,340.2598200249285,10,2,0
CUST-1372,596,256.0687147830631,18,0,0
CUST-1373,810,499.9524804137839,7,0,0
CUST-1374,677,249.61944654467817,26,4,0
CUST-1375,644,316.83177865115414,11,1,0
CUST-1376,90,412.58437539096263,6,2,0
CUST-1377,77,484.4415224473779,0,2,0
CUST-1378,869,67.98312205607006,8,0,0
CUST-1379,698,187.07015795668227,18,4,0
CUST-1380,637,83.03857150886964,7,1,0
CUST-1381,870,390.3282003336836,9,1,0
CUST-1382,790,222.52434724259228,13,4,0
CUST-1383,281,438.27505334011295,24,2,0
CUST-1384,687,442.5632836477534,27,4,0
CUST-1385,502,353.8990121754206,24,2,0
CUST-1386,773,201.76220224601664,0,1,0
CUST-1387,309,201.31144360495838,22,1,0
CUST-1388,410,321.6002791783657,13,2,0
CUST-1389,731,342.09223734731034,4,3,1
CUST-1390,787,499.02041167334227,7,2,0
CUST-1391,164,390.9001052019116,11,3,0
CUST-1392,166,139.96160848605996,18,1,0
CUST-1393,227,139.1466088958903,27,3,0
CUST-1394,695,481.1130537036362,7,0,0
CUST-1395,913,155.00131151204226,21,3,0
CUST-1396,701,210.43037944743406,26,2,0
CUST-1397,653,452.3299981222806,3,2,1
CUST-1398,818,462.6319312119761,3,1,1
CUST-1399,371,171.2756483869137,16,3,0
CUST-1400,55,383.3343645668937,22,4,0
CUST-1401,454,152.60556945900197,8,0,0
CUST-1402,563,268.30029007022637,23,3,0
CUST-1403,840,314.6739368390087,20,3,0
CUST-1404,155,189.70870720541197,26,3,0
CUST-1405,652,479.41896612629284,9,2,0
CUST-1406,392,394.6926779278211,18,3,0
CUST-1407,363,425.6590649690591,11,4,0
CUST-1408,234,50.176702056865594,19,4,0
CUST-1409,115,179.02315713477861,3,3,1
CUST-1410,820,57.746434948335434,1,4,1
CUST-1411,157,177.80183630260126,3,2,1
CUST-1412,124,373.32766044769465,4,1,1
CUST-1413,871,278.41354555153646,17,4,0
CUST-1414,995,204.66285079957981,2,4,1
CUST-1415,250,338.2077274803411,11,2,0
CUST-1416,668,478.1833306748842,16,2,0
CUST-1417,62,497.69179420274435,25,4,0
CUST-1418,844,144.0167511494602,8,1,0
CUST-1419,351,296.20874500944024,22,4,0
CUST-1420,866,65.4408309366031,29,1,0
CUST-1421,670,80.01835551069969,17,1,0
CUST-1422,162,475.0190319582805,20,3,0
CUST-1423,424,387.97239744673806,23,4,0
CUST-1424,599,239.69765737868042,5,1,0
CUST-1425,637,196.7486296676708,21,4,0
CUST-1426,493,486.6054631741548,28,0,0
CUST-1427,473,258.0265435254007,17,4,1
CUST-1428,63,184.68740591507031,5,0,0
CUST-1429,234,464.21942134816857,20,2,0
CUST-1430,822,219.9149055533849,22,0,0
CUST-1431,551,51.778012074814605,10,3,0
CUST-1432,933,241.21804334744175,30,3,1
CUST-1433,229,415.08284378375794,1,0,1
CUST-1434,276,241.30797769942018,30,0,0
CUST-1435,661,377.3301513127816,5,4,0
CUST-1436,277,153.5377502719404,22,4,0
CUST-1437,984,81.51108370787523,28,1,0
CUST-1438,441,421.1292341507284,15,1,0
CUST-1439,848,331.90152458585345,11,3,0
CUST-1440,444,437.97795986614824,26,2,0
CUST-1441,177,241.0405490567035,17,2,0
CUST-1442,374,251.10216257540205,16,0,0
CUST-1443,279,170.03752228875007,28,2,0
CUST-1444,616,215.0267161646017,12,0,0
CUST-1445,542,184.39650716240175,11,1,0
CUST-1446,494,182.34452567621022,2,4,1
CUST-1447,418,195.58829258448966,28,0,0
CUST-1448,81,387.32160395153034,28,0,0
CUST-1449,795,145.56554778228696,16,3,0
CUST-1450,846,173.86118832723366,15,0,0
CUST-1451,36,230.47510237310132,18,3,0
CUST-1452,289,424.270514819791,23,4,0
CUST-1453,848,372.4861142483725,26,1,0
CUST-1454,856,249.3081977191395,10,4,0
CUST-1455,340,235.37163421226512,4,0,0
CUST-1456,357,312.87167556468233,29,1,0
CUST-1457,172,84.093209284838,1,4,1
CUST-1458,119,136.86700035290315,29,3,1
CUST-1459,175,320.28447082515595,2,0,1
CUST-1460,513,133.22748943132206,6,1,0
CUST-1461,59,267.4196890898213,5,2,0
CUST-1462,742,447.1760797322626,5,0,0
CUST-1463,807,348.37683803503256,18,2,0
CUST-1464,826,254.1410303519696,0,1,1
CUST-1465,608,175.79682281690037,8,3,0
CUST-1466,553,464.34540703253936,17,4,0
CUST-1467,348,216.08400431387813,2,0,1
CUST-1468,703,375.3322859307872,5,2,0
CUST-1469,341,492.10601975868946,23,2,0
CUST-1470,376,258.72875810717045,5,0,0
CUST-1471,801,370.3751468228136,26,3,0
CUST-1472,480,219.46994718021799,0,3,1
CUST-1473,435,259.39198554261407,18,2,0
CUST-1474,704,83.15203015849676,7,4,0
CUST-1475,354,435.9519645259509,22,4,0
CUST-1476,558,129.8714160673536,19,4,0
CUST-1477,519,165.14269369182836,21,1,0
CUST-1478,257,327.9347425111118,7,2,0
CUST-1479,880,396.66237207824946,3,1,1
CUST-1480,531,434.14056067171117,14,4,0
CUST-1481,344,394.29311827088793,2,2,1
CUST-1482,126,165.49829057929662,24,3,0
CUST-1483,500,244.63341976465583,11,0,0
CUST-1484,124,168.03484098000342,16,1,0
CUST-1485,892,130.05147451345013,16,4,0
CUST-1486,804,429.26697099216017,13,3,0
CUST-1487,583,338.8705982560951,1,3,1
CUST-1488,773,138.75758082638902,12,1,0
CUST-1489,961,268.8743226171374,9,4,0
CUST-1490,130,202.06007294574977,21,1,0
CUST-1491,409,427.071599374285,6,0,0
CUST-1492,648,302.00509593717084,5,0,0
CUST-1493,159,275.15557727259204,9,3,0
CUST-1494,266,452.9963553624361,6,4,0
CUST-1495,282,50.079698730362836,2,4,1
CUST-1496,257,170.75934402405738,19,0,0
CUST-1497,400,54.94905258338784,4,2,1
CUST-1498,286,82.23414217803624,23,0,0
CUST-1499,632,219.04050321204124,2,3,1
CUST-1500,567,281.2758431129038,1,1,1
CUST-1501,861,406.41204966184625,27,1,0
CUST-1502,293,360.67044264763945,10,1,0
CUST-1503,979,120.32162863013495,0,0,1
CUST-1504,644,403.2303722161334,2,0,1
CUST-1505,662,462.759915223776,26,0,0
CUST-1506,756,244.89790955320697,29,2,0
CUST-1507,65,234.06610626029018,2,3,1
CUST-1508,132,108.42283175592418,10,4,0
CUST-1509,473,402.71836805135206,12,3,0
CUST-1510,606,98.84898056352435,12,2,0
CUST-1511,224,336.8066496178142,4,2,1
CUST-1512,52,179.54466722594444,18,0,0
CUST-1513,435,92.86297504799197,4,1,1
CUST-1514,920,214.04323200937486,25,0,0
CUST-1515,734,439.3950036167032,25,4,1
CUST-1516,590,371.1606700099474,16,1,0
CUST-1517,735,471.1627621378539,18,0,0
CUST-1518,582,410.97179827463424,7,3,0
CUST-1519,347,323.4138895987294,2,1,1
CUST-1520,128,473.53804741527443,22,1,0
CUST-1521,807,467.72272060594975,24,1,0
CUST-1522,945,460.48669704700046,24,0,0
CUST-1523,80,468.074404747388,16,0,0
CUST-1524,726,335.8404374349059,9,2,0
CUST-1525,674,447.5691808145627,19,4,0
CUST-1526,86,240.37462176145874,16,4,0
CUST-1527,536,178.955927540132,23,1,0
CUST-1528,839,257.9446882242422,9,2,0
CUST-1529,228,74.65838453095515,7,0,0
CUST-1530,355,459.97789505157914,5,1,0
CUST-1531,206,457.25753374734035,1,2,1
CUST-1532,882,197.874247205989,19,2,0
CUST-1533,560,481.71971613001637,6,0,0
CUST-1534,819,408.78255066344866,3,2,0
CUST-1535,558,197.2692523797674,25,1,0
CUST-1536,941,491.37181768510385,0,1,1
CUST-1537,205,375.7680132673732,7,2,0
CUST-1538,557,140.11888017689557,25,1,0
CUST-1539,103,470.7202150252578,14,1,0
CUST-1540,143,314.4858008817426,3,4,1
CUST-1541,859,276.01188268043643,22,3,1
CUST-1542,491,263.6026793130773,16,0,0
CUST-1543,594,108.21319066253189,1,1,1
CUST-1544,911,437.6239738853866,7,0,0
CUST-1545,60,92.93570393101483,16,1,0
CUST-1546,762,154.9055173499836,5,3,1
CUST-1547,483,353.8642458817113,21,3,0
CUST-1548,487,61.7684750197387,0,4,1
CUST-1549,290,470.5459911386659,2,0,1
CUST-1550,989,145.60653550263237,22,0,0
CUST-1551,340,476.2228339665728,25,4,0
CUST-1552,460,211.31055489732864,18,1,0
CUST-1553,150,320.7121659303152,8,4,0
CUST-1554,298,148.9541306652016,14,1,0
CUST-1555,397,327.6480667539557,19,0,0
CUST-1556,614,230.83065193008392,30,0,0
CUST-1557,481,132.64703938557378,23,1,0
CUST-1558,274,53.30411490885474,22,3,0
CUST-1559,197,394.88524723561727,30,0,0
CUST-1560,803,305.76054505255127,27,3,0
CUST-1561,988,125.61669835494479,24,3,0
CUST-1562,651,407.96309487437406,19,1,0
CUST-1563,533,221.85012607623324,13,4,1
CUST-1564,475,181.60097414704902,15,0,0
CUST-1565,283,385.2285306094528,13,0,0
CUST-1566,115,443.7729180524798,8,4,0
CUST-1567,39,126.72174964854226,12,4,0
CUST-1568,984,146.8537773096793,5,4,1
CUST-1569,40,454.3322207327785,25,0,0
CUST-1570,680,254.14244310438548,0,2,0
CUST-1571,609,184.6719907835002,20,4,0
CUST-1572,975,486.8798144749058,9,0,0
CUST-1573,31,379.6335682391101,30,3,0
CUST-1574,568,148.12920947530228,16,2,0
CUST-1575,820,110.74218707387554,12,0,0
CUST-1576,928,122.9734847316577,28,4,1
CUST-1577,517,351.2783010296226,25,2,0
CUST-1578,783,199.23733850730176,0,3,1
CUST-1579,428,182.8590888791288,13,1,0
CUST-1580,913,138.58538618906147,21,1,0
CUST-1581,393,300.93905854206764,2,4,1
CUST-1582,191,165.2414901694347,1,1,1
CUST-1583,715,261.9322308369916,29,0,0
CUST-1584,384,399.8135690030571,25,4,0
CUST-1585,330,460.1627028358328,26,1,0
CUST-1586,205,352.6839981105494,20,1,0
CUST-1587,232,415.6545296335535,28,0,0
CUST-1588,303,55.21766690201637,6,0,0
CUST-1589,664,88.88060638851297,13,3,0
CUST-1590,144,116.11341200957972,21,4,0
CUST-1591,241,391.1354476092984,5,3,0
CUST-1592,291,271.9993906096409,18,1,0
CUST-1593,792,465.5745185920842,11,4,0
CUST-1594,576,244.10156058520067,30,0,0
CUST-1595,668,244.10726801479035,8,0,0
CUST-1596,182,304.61547536342096,14,2,0
CUST-1597,821,295.07620353935624,16,1,0
CUST-1598,774,296.7085285613002,6,2,0
CUST-1599,81,132.67795927458837,2,0,1
CUST-1600,108,91.56433858447568,2,4,1
CUST-1601,897,150.53930185280578,29,4,1
CUST-1602,233,403.1576597734413,24,0,0
CUST-1603,839,336.95367851641777,12,4,0
CUST-1604,526,171.95659299562857,22,3,0
CUST-1605,779,223.65945071405108,15,0,0
CUST-1606,86,173.2864883991494,21,3,0
CUST-1607,974,160.42842351098034,4,1,1
CUST-1608,892,290.7172261898372,5,0,0
CUST-1609,243,482.24947352735273,2,2,1
CUST-1610,656,427.20703579177683,13,2,0
CUST-1611,599,151.05009464438098,27,2,0
CUST-1612,763,253.30596812654323,26,1,0
CUST-1613,681,331.82860136866293,28,3,0
CUST-1614,229,243.9366595375562,21,1,0
CUST-1615,937,134.86285738093397,8,2,0
CUST-1616,836,353.05618235752087,29,1,0
CUST-1617,930,371.62933977590967,15,2,0
CUST-1618,191,371.0565664287265,17,1,0
CUST-1619,390,119.51059101328624,19,0,0
CUST-1620,882,496.25167630873835,19,4,1
CUST-1621,531,114.60233955193652,14,2,0
CUST-1622,997,484.2842888550868,1,1,0
CUST-1623,429,474.29739736305856,2,3,1
CUST-1624,69,198.51069688763795,3,1,1
CUST-1625,905,108.67034222039304,19,3,0
CUST-1626,618,431.51398501432993,10,2,0
CUST-1627,851,154.33760689056214,14,1,0
CUST-1628,99,165.86415611101472,24,0,0
CUST-1629,265,110.79206484047526,24,3,0
CUST-1630,244,349.66710555875676,27,2,0
CUST-1631,243,230.09344270368248,22,0,0
CUST-1632,166,358.911996705214,25,2,0
CUST-1633,420,389.80908039605674,3,3,1
CUST-1634,443,346.4688170627447,17,0,0
CUST-1635,357,434.5185459162948,18,1,0
CUST-1636,698,397.5412623914415,15,4,1
CUST-1637,663,390.4338834380445,4,1,1
CUST-1638,972,244.90235789209777,10,0,0
CUST-1639,559,149.71906157256285,27,4,0
CUST-1640,668,245.14725110879877,22,2,0
CUST-1641,832,125.34108204267262,4,0,1
CUST-1642,713,394.7741035728989,19,3,0
CUST-1643,587,103.93470045858766,18,1,0
CUST-1644,114,481.0869583299415,2,0,1
CUST-1645,94,210.5922903224144,4,0,1
CUST-1646,693,293.7590821001779,3,3,1
CUST-1647,913,451.6348515790084,11,2,0
CUST-1648,512,134.2693768195561,27,1,0
CUST-1649,203,321.8295772177855,17,1,0
CUST-1650,239,357.7426858924173,3,1,1
CUST-1651,495,271.36896281810345,15,2,0
CUST-1652,689,364.0896559042402,26,1,0
CUST-1653,547,326.7887762966243,14,0,0
CUST-1654,612,413.4373238515155,16,2,0
CUST-1655,752,192.48821869058045,22,2,0
CUST-1656,276,238.93924700953355,7,2,0
CUST-1657,183,69.10946522167971,13,2,0
CUST-1658,566,226.71636726313787,27,2,0
CUST-1659,626,167.2895580063233,16,4,0
CUST-1660,754,489.1636166885665,0,3,1
CUST-1661,739,133.79529214866147,28,0,0
CUST-1662,59,111.84474153014901,1,4,1
CUST-1663,325,364.37955336656756,0,1,1
CUST-1664,133,374.31045413540835,19,4,0
CUST-1665,556,301.5798446364514,8,2,0
CUST-1666,245,75.30462114901783,6,0,0
CUST-1667,552,333.7323305301762,12,1,0
CUST-1668,132,494.5753607020983,25,3,0
CUST-1669,368,258.09000003723634,30,0,0
CUST-1670,818,141.3207338207476,26,3,0
CUST-1671,667,477.3302028757447,10,2,0
CUST-1672,427,422.91582547148124,1,0,1
CUST-1673,447,380.3937457986635,12,1,0
CUST-1674,501,253.24254355346773,15,3,0
CUST-1675,55,447.53419984427916,7,3,0
CUST-1676,212,99.30779046467084,4,4,1
CUST-1677,468,51.759975402136845,23,1,0
CUST-1678,637,74.34239449777944,14,2,0
CUST-1679,379,251.96007122500384,1,2,1
CUST-1680,493,440.78797162353453,6,2,0
CUST-1681,606,454.2926878806744,26,0,0
CUST-1682,684,226.01825281813518,0,0,1
CUST-1683,567,348.89358160487916,14,2,0
CUST-1684,755,263.1817805988072,27,1,0
CUST-1685,725,483.28166425638886,24,0,0
CUST-1686,767,277.55548461813635,9,3,1
CUST-1687,284,406.5196129379579,29,3,0
CUST-1688,58,485.02604823176756,11,1,0
CUST-1689,820,188.62079676743753,20,4,0
CUST-1690,739,365.16704257566545,17,0,0
CUST-1691,973,81.7326880113356,18,0,0
CUST-1692,753,85.03005448202481,30,1,0
CUST-1693,215,248.4258210535027,14,1,0
CUST-1694,548,381.8282611506433,15,4,1
CUST-1695,404,161.39971098209202,14,0,0
CUST-1696,56,322.5671126628636,6,3,0
CUST-1697,614,353.32248053182985,24,2,0
CUST-1698,693,354.48302439305843,25,0,0
CUST-1699,868,53.23180481115745,5,3,0
CUST-1700,752,459.668503141189,21,4,0
CUST-1701,494,238.209225856848,0,2,1
CUST-1702,738,183.43002397051131,19,1,0
CUST-1703,850,401.5508746845095,2,3,1
CUST-1704,623,100.85030496419819,12,0,0
CUST-1705,896,208.2886707836961,29,1,0
CUST-1706,239,63.67884182885285,12,4,0
CUST-1707,37,489.1029335014041,25,3,0
CUST-1708,918,240.27937756113585,27,2,0
CUST-1709,784,363.98206310177653,5,1,0
CUST-1710,611,353.54086109613456,12,3,0
CUST-1711,732,318.6678682346246,1,1,1
CUST-1712,354,168.87406407120943,23,0,0
CUST-1713,163,172.81087156246406,4,1,0
CUST-1714,781,316.1551285498239,23,0,0
CUST-1715,829,198.16752547815844,10,1,0
CUST-1716,529,286.6945911769556,2,4,1
CUST-1717,392,265.8786000738323,14,3,0
CUST-1718,447,420.93335603659636,29,0,0
CUST-1719,249,65.26905150774333,30,4,1
CUST-1720,227,303.17885162728055,7,1,0
CUST-1721,370,268.65946910943194,28,1,0
CUST-1722,447,83.2273816715167,4,4,1
CUST-1723,969,162.63946632843903,22,3,0
CUST-1724,535,427.2179790125854,5,3,0
CUST-1725,217,245.8997684957885,5,1,0
CUST-1726,804,313.58674805426864,24,1,0
CUST-1727,642,433.1352494685718,30,4,0
CUST-1728,564,184.70281031291304,25,3,1
CUST-1729,544,449.99426757957986,22,0,0
CUST-1730,801,298.0664409178372,26,1,0
CUST-1731,83,393.6685266065225,4,0,0
CUST-1732,579,350.4990327063899,3,0,1
CUST-1733,556,225.29592585928106,9,2,0
CUST-1734,632,225.02946789059163,23,1,0
CUST-1735,522,414.20906321924707,27,1,0
CUST-1736,455,272.6654946617846,3,2,1
CUST-1737,841,89.67120798442508,24,4,0
CUST-1738,464,432.17703680330794,2,1,1
CUST-1739,770,97.01579654855581,9,4,0
CUST-1740,136,316.6901215593404,12,3,0
CUST-1741,247,164.66085534794024,26,4,0
CUST-1742,886,216.90746503832833,12,1,0
CUST-1743,682,331.8719618690756,12,3,0
CUST-1744,931,379.1565033537863,20,1,0
CUST-1745,996,353.586112875342,13,2,0
CUST-1746,348,363.5707527947521,30,3,0
CUST-1747,268,446.89495502464405,7,0,0
CUST-1748,766,184.41805431226103,23,4,0
CUST-1749,665,183.2009430082608,19,0,0
CUST-1750,216,416.1558329269154,11,3,0
CUST-1751,244,83.5706460362404,5,0,0
CUST-1752,739,470.6456039127026,25,2,0
CUST-1753,92,494.79497849406755,20,3,0
CUST-1754,998,91.99535375417898,3,2,1
CUST-1755,217,64.12897551993646,13,2,0
CUST-1756,417,476.30116651211404,23,1,0
CUST-1757,799,245.91148258631674,1,3,1
CUST-1758,186,210.0077631161902,3,0,1
CUST-1759,302,291.6905730174072,14,1,0
CUST-1760,670,94.17593826057262,10,2,0
CUST-1761,188,306.7813120978051,23,0,0
CUST-1762,979,71.76038529176252,11,0,0
CUST-1763,615,490.18572746922734,24,2,0
CUST-1764,296,367.8685231731845,14,3,0
CUST-1765,681,485.71907159495396,26,3,0
CUST-1766,37,479.6825367921782,15,1,0
CUST-1767,994,59.5234421199325,7,2,0
CUST-1768,211,450.3550768091251,9,3,0
CUST-1769,159,434.8882926600882,9,4,0
CUST-1770,642,132.6302375912382,4,1,1
CUST-1771,61,287.18418437034967,27,1,0
CUST-1772,249,173.7699056578732,5,3,0
CUST-1773,513,384.05584972585865,13,3,0
CUST-1774,304,227.1833609492128,1,0,1
CUST-1775,344,185.92232045317272,13,3,0
CUST-1776,454,195.07539711682244,3,1,1
CUST-1777,211,386.76878576949855,28,4,0
CUST-1778,299,333.4236467846434,6,1,0
CUST-1779,809,366.83696843767655,19,0,0
CUST-1780,438,359.9138842003605,20,4,1
CUST-1781,285,384.4504988569908,28,0,0
CUST-1782,142,441.7138729871772,0,4,1
CUST-1783,262,164.9255165545681,21,4,1
CUST-1784,353,423.93051315308065,1,0,1
CUST-1785,400,289.9237042149535,27,0,0
CUST-1786,912,492.2017004953777,20,2,0
CUST-1787,212,141.11079415522073,1,0,1
CUST-1788,716,435.0702235432512,7,3,0
CUST-1789,604,99.1283223729803,4,3,1
CUST-1790,593,499.4309806466941,27,2,0
CUST-1791,219,268.23565157528094,23,1,0
CUST-1792,407,212.97527320837742,3,0,1
CUST-1793,940,178.55646710528413,22,4,0
CUST-1794,275,71.35913127391822,21,1,0
CUST-1795,341,294.8907935829115,3,0,1
CUST-1796,172,417.0248638436824,16,1,0
CUST-1797,979,267.6794996200289,5,2,0
CUST-1798,279,98.9010757763627,16,2,0
CUST-1799,537,115.27899065132617,24,3,1
CUST-1800,815,224.249425988974,4,2,1
CUST-1801,967,296.12450406118853,14,0,0
CUST-1802,611,211.2321878846981,11,1,0
CUST-1803,183,102.55601496692827,25,3,0
CUST-1804,187,59.899194175375484,24,2,0
CUST-1805,574,173.31794171667661,16,4,0
CUST-1806,844,147.83210303894674,22,1,0
CUST-1807,335,203.99296804849791,21,4,0
CUST-1808,57,179.4036299916628,23,0,0
CUST-1809,264,421.47537270067556,19,4,1
CUST-1810,315,60.57937737868796,10,2,0
CUST-1811,881,202.48950121300055,7,3,0
CUST-1812,716,284.2947018731471,12,3,0
CUST-1813,60,127.89418970173163,18,2,0
CUST-1814,942,105.14938987576475,23,3,0
CUST-1815,767,278.9932665601824,3,3,1
CUST-1816,196,446.6030869142753,13,0,0
CUST-1817,186,87.17518371923316,4,4,1
CUST-1818,369,344.4125358158491,15,2,0
CUST-1819,251,466.96029365251616,5,2,0
CUST-1820,129,277.4447753597395,1,3,1
CUST-1821,586,323.68362941047263,4,0,1
CUST-1822,529,345.5593694377437,18,3,1
CUST-1823,179,135.94352167283,7,2,0
CUST-1824,697,354.1162449445889,30,0,0
CUST-1825,885,150.08953009009497,20,0,0
CUST-1826,494,482.5139911867416,3,1,1
CUST-1827,76,221.39297751414836,24,4,0
CUST-1828,663,482.10435162271125,8,2,0
CUST-1829,738,241.93428757372143,17,0,0
CUST-1830,671,414.9984633361401,23,2,0
CUST-1831,449,159.07581805717285,13,0,0
CUST-1832,209,436.769962962474,2,0,1
CUST-1833,537,485.6303448048966,14,3,0
CUST-1834,474,139.79788575307242,7,2,0
CUST-1835,660,452.14501959236514,6,0,0
CUST-1836,76,401.41378401311016,10,2,0
CUST-1837,906,183.35863101380036,0,3,1
CUST-1838,344,327.13098030904877,30,1,0
CUST-1839,890,340.5490749582397,12,1,0
CUST-1840,852,98.67562803534092,6,1,0
CUST-1841,47,169.24992255292935,1,0,1
CUST-1842,388,451.6500965303136,2,2,1
CUST-1843,136,310.62027355243276,7,4,0
CUST-1844,37,253.24600024828882,20,3,1
CUST-1845,167,255.0418872263467,16,3,0
CUST-1846,55,258.6853779833051,12,0,0
CUST-1847,273,300.8999144894203,8,3,0
CUST-1848,255,387.1522360763004,23,3,0
CUST-1849,835,302.6357073210215,7,3,0
CUST-1850,285,230.03879730413308,7,4,0
CUST-1851,686,148.7429802352645,14,0,0
CUST-1852,715,359.78315546619865,28,4,0
CUST-1853,226,70.13280689384968,17,2,0
CUST-1854,136,279.51472407646486,30,1,0
CUST-1855,258,317.535447434615,21,4,0
CUST-1856,708,286.53912047660424,24,0,0
CUST-1857,303,266.217119275527,5,1,0
CUST-1858,794,425.4444606876808,9,0,0
CUST-1859,142,302.1200602515062,12,4,1
CUST-1860,819,121.22813577965238,1,2,1
CUST-1861,303,197.9602998144608,26,3,0
CUST-1862,350,171.63648499703254,23,2,0
CUST-1863,782,90.46115297287285,2,4,1
CUST-1864,413,431.3013964103176,26,3,0
CUST-1865,692,125.28007061578464,3,3,1
CUST-1866,112,373.4279034514835,13,2,0
CUST-1867,494,479.5182356228101,28,2,0
CUST-1868,259,361.59284326188396,3,0,1
CUST-1869,143,485.19596247461163,29,1,0
CUST-1870,386,128.66584532074936,6,0,0
CUST-1871,345,152.79402405702223,10,1,0
CUST-1872,262,172.45692386976873,19,3,1
CUST-1873,124,333.6949796074763,22,3,1
CUST-1874,670,138.5447177279999,5,1,0
CUST-1875,678,480.87000928631977,18,3,0
CUST-1876,880,428.3355659646142,17,1,0
CUST-1877,264,494.58082786585527,7,1,0
CUST-1878,297,258.39603574653984,21,0,0
CUST-1879,148,332.6775339407492,25,4,0
CUST-1880,175,183.4952876613247,3,1,1
CUST-1881,871,113.1658673851361,29,3,0
CUST-1882,820,487.2944694683805,13,1,0
CUST-1883,977,324.71479049730976,18,2,0
CUST-1884,802,75.8472588232533,4,1,1
CUST-1885,229,124.35462153824821,1,0,1
CUST-1886,561,273.87628458145537,5,0,0
CUST-1887,82,239.19033027374866,16,3,1
CUST-1888,613,109.53003726450139,13,3,1
CUST-1889,223,487.1509362404124,20,3,1
CUST-1890,296,467.2200871201871,9,0,0
CUST-1891,801,313.1498914622848,23,4,0
CUST-1892,453,444.58641840986576,29,0,0
CUST-1893,361,374.0344900112361,24,3,0
CUST-1894,511,76.61530645737807,7,4,0
CUST-1895,36,307.18044428396246,3,0,0
CUST-1896,103,486.399102161328,6,3,0
CUST-1897,635,414.9688473466162,21,0,0
CUST-1898,87,153.9146215355329,13,4,1
CUST-1899,799,357.84940517956977,21,1,0
CUST-1900,424,257.8612426432833,4,1,1
CUST-1901,505,75.34011991210488,3,3,1
CUST-1902,710,264.3751074123742,2,4,1
CUST-1903,839,194.03874279859315,24,2,0
CUST-1904,721,314.48590254928325,17,3,0
CUST-1905,387,414.6988556314236,21,2,0
CUST-1906,554,323.1642747340802,29,1,0
CUST-1907,540,236.53225098765915,16,4,0
CUST-1908,738,82.5200062591822,20,0,0
CUST-1909,358,192.71792601302747,26,4,1
CUST-1910,530,491.97451978527,2,3,1
CUST-1911,120,459.4605270093003,30,1,0
CUST-1912,570,257.7543134463676,10,4,0
CUST-1913,670,319.1034495174448,10,0,0
CUST-1914,376,288.1601066836439,2,4,1
CUST-1915,416,191.60503318615864,0,1,1
CUST-1916,855,365.62832982472355,23,2,0
CUST-1917,201,419.1714775078025,24,2,0
CUST-1918,364,115.71277851466382,2,1,1
CUST-1919,979,246.35011031685912,1,3,1
CUST-1920,90,103.34298552093065,23,1,0
CUST-1921,175,263.06467829560165,12,3,0
CUST-1922,652,274.72373221542875,6,4,0
CUST-1923,497,403.5180131748082,23,3,0
CUST-1924,230,284.58611284838094,20,2,0
CUST-1925,377,194.61430027580323,3,2,1
CUST-1926,454,390.936852073123,7,4,0
CUST-1927,116,373.3523030823576,15,4,0
CUST-1928,905,345.3925321436521,1,4,1
CUST-1929,269,480.6851539902515,7,2,0
CUST-1930,162,76.45331183029262,28,3,0
CUST-1931,651,128.04922158524522,19,4,0
CUST-1932,738,406.86379708444036,7,1,0
CUST-1933,428,66.95352201620116,0,2,1
CUST-1934,419,303.5339853478661,18,4,0
CUST-1935,687,386.3207464945996,5,2,0
CUST-1936,214,214.25865033587834,18,4,0
CUST-1937,851,365.65718742994966,16,1,0
CUST-1938,923,100.9194636968679,26,3,0
CUST-1939,658,389.39970045196253,25,4,0
CUST-1940,507,159.9805063584945,12,2,0
CUST-1941,305,167.03656908434638,30,2,0
CUST-1942,257,467.38440853405785,16,3,0
CUST-1943,573,295.5971905034123,13,2,0
CUST-1944,650,423.17411429264985,16,0,0
CUST-1945,151,267.03873973173893,2,2,1
CUST-1946,256,105.37812587968605,25,2,0
CUST-1947,644,329.0609332871218,15,4,0
CUST-1948,574,98.78816710426446,27,3,1
CUST-1949,371,294.93471145142746,4,4,1
CUST-1950,987,350.7869109074834,22,1,0
CUST-1951,865,407.61555243825666,8,2,0
CUST-1952,864,59.512296811556794,21,1,0
CUST-1953,919,82.91056190432994,20,0,0
CUST-1954,634,104.33951781772022,22,2,0
CUST-1955,231,391.8396940948197,10,3,0
CUST-1956,712,108.80805268751602,19,3,1
CUST-1957,512,213.6665594084952,6,3,0
CUST-1958,329,397.2456922481308,1,4,1
CUST-1959,763,468.37554198127435,1,3,1
CUST-1960,111,183.38947849530618,6,2,0
CUST-1961,228,82.11302240134228,10,4,0
CUST-1962,227,151.36581326114043,21,3,0
CUST-1963,49,65.77068531256629,6,3,1
CUST-1964,916,195.23334687610884,7,1,0
CUST-1965,234,172.9621900609589,23,4,1
CUST-1966,443,345.94880962451214,6,1,0
CUST-1967,92,62.9803328147576,18,1,0
CUST-1968,893,354.9374711598178,8,4,0
CUST-1969,136,411.37233721340687,6,4,0
CUST-1970,82,146.72383218732296,2,2,1
CUST-1971,504,315.46610659948936,9,4,0
CUST-1972,749,185.10696773991322,17,2,0
CUST-1973,388,229.21135046627623,11,3,0
CUST-1974,359,83.29768286379966,26,4,0
CUST-1975,785,418.95194273909766,24,4,0
CUST-1976,429,371.50040205699713,11,4,0
CUST-1977,936,451.55153838000405,2,1,1
CUST-1978,197,380.02435651984496,21,3,0
CUST-1979,872,304.1136616391364,21,2,0
CUST-1980,95,216.7521874811125,29,2,0
CUST-1981,766,205.0807325609218,22,1,0
CUST-1982,903,92.45884700024217,3,4,1
CUST-1983,783,353.30553281343094,0,0,1
CUST-1984,419,283.2443976992853,9,1,0
CUST-1985,63,296.77413265136533,12,0,0
CUST-1986,129,145.7348055215847,17,3,0
CUST-1987,564,351.1019731364766,19,0,0
CUST-1988,358,173.1509560915649,7,2,0
CUST-1989,563,267.9916304580428,22,0,0
CUST-1990,130,444.667895785667,27,4,0
CUST-1991,513,192.98967294799138,27,2,0
CUST-1992,324,410.5142981179964,17,0,0
CUST-1993,538,422.10185779809564,23,1,0
CUST-1994,132,268.6026929904176,2,2,0
CUST-1995,160,384.96944445899885,7,4,0
CUST-1996,436,244.25627228019053,23,4,0
CUST-1997,468,180.17946736424776,8,1,0
CUST-1998,630,124.78199187955015,20,0,0
CUST-1999,63,382.7076792089781,8,0,0
CUST-2000,672,273.6406403768158,20,3,0
