date,sales
2022-12-30 11:54:47.787468,10.0
2022-12-31 11:54:47.787468,10.0
2023-01-01 11:54:47.787468,10.0
2023-01-02 11:54:47.787468,10.0
2023-01-03 11:54:47.787468,10.0
2023-01-04 11:54:47.787468,13.151556998572971
2023-01-05 11:54:47.787468,10.0
2023-01-06 11:54:47.787468,10.0
2023-01-07 11:54:47.787468,13.659146677776679
2023-01-08 11:54:47.787468,14.231720945334697
2023-01-09 11:54:47.787468,10.0
2023-01-10 11:54:47.787468,10.0
2023-01-11 11:54:47.787468,22.064126311604223
2023-01-12 11:54:47.787468,10.865356338251605
2023-01-13 11:54:47.787468,13.802793643752583
2023-01-14 11:54:47.787468,21.430626906491625
2023-01-15 11:54:47.787468,10.0
2023-01-16 11:54:47.787468,10.0
2023-01-17 11:54:47.787468,36.53811382896103
2023-01-18 11:54:47.787468,16.231213041631825
2023-01-19 11:54:47.787468,21.175762558217468
2023-01-20 11:54:47.787468,34.47829714980824
2023-01-21 11:54:47.787468,44.4938581629177
2023-01-22 11:54:47.787468,44.574965588778625
2023-01-23 11:54:47.787468,14.96211354294185
2023-01-24 11:54:47.787468,34.40964118095046
2023-01-25 11:54:47.787468,14.752727029018079
2023-01-26 11:54:47.787468,33.68998882999621
2023-01-27 11:54:47.787468,23.538080781407427
2023-01-28 11:54:47.787468,24.736299459006766
2023-01-29 11:54:47.787468,32.54273797093635
2023-01-30 11:54:47.787468,39.00433449891816
2023-01-31 11:54:47.787468,33.75983134344205
2023-02-01 11:54:47.787468,28.344009691735714
2023-02-02 11:54:47.787468,43.65323742083043
2023-02-03 11:54:47.787468,33.377861819660055
2023-02-04 11:54:47.787468,49.4386982645893
2023-02-05 11:54:47.787468,46.701776041324955
2023-02-06 11:54:47.787468,43.67981750873574
2023-02-07 11:54:47.787468,28.600304222292316
2023-02-08 11:54:47.787468,53.46291192866245
2023-02-09 11:54:47.787468,67.7664960693664
2023-02-10 11:54:47.787468,47.714197869560806
2023-02-11 11:54:47.787468,37.38024857039002
2023-02-12 11:54:47.787468,59.111532316335094
2023-02-13 11:54:47.787468,47.88048289468077
2023-02-14 11:54:47.787468,51.98545141580044
2023-02-15 11:54:47.787468,64.06889472140809
2023-02-16 11:54:47.787468,48.50504051132733
2023-02-17 11:54:47.787468,48.00487492325439
2023-02-18 11:54:47.787468,45.153563301176305
2023-02-19 11:54:47.787468,71.99603912123095
2023-02-20 11:54:47.787468,75.25792657640095
2023-02-21 11:54:47.787468,68.69830758162307
2023-02-22 11:54:47.787468,49.699808228851055
2023-02-23 11:54:47.787468,64.12144502447927
2023-02-24 11:54:47.787468,59.546106557313976
2023-02-25 11:54:47.787468,68.16788070714617
2023-02-26 11:54:47.787468,62.87452311048728
2023-02-27 11:54:47.787468,83.81941915510137
2023-02-28 11:54:47.787468,85.53917084588066
2023-03-01 11:54:47.787468,72.3769272592997
2023-03-02 11:54:47.787468,77.49896141430587
2023-03-03 11:54:47.787468,66.85759324558252
2023-03-04 11:54:47.787468,82.93361574093987
2023-03-05 11:54:47.787468,76.66048919863425
2023-03-06 11:54:47.787468,61.560547733641826
2023-03-07 11:54:47.787468,90.88476151405114
2023-03-08 11:54:47.787468,87.95609643865302
2023-03-09 11:54:47.787468,70.14028115441985
2023-03-10 11:54:47.787468,81.98161964732901
2023-03-11 11:54:47.787468,80.54139193429123
2023-03-12 11:54:47.787468,91.35646857498269
2023-03-13 11:54:47.787468,93.13828353584401
2023-03-14 11:54:47.787468,106.03231925431041
2023-03-15 11:54:47.787468,91.20297585178035
2023-03-16 11:54:47.787468,87.14949425965017
2023-03-17 11:54:47.787468,109.52119007458427
2023-03-18 11:54:47.787468,76.42225646623729
2023-03-19 11:54:47.787468,88.14008110738688
2023-03-20 11:54:47.787468,94.7555902960931
2023-03-21 11:54:47.787468,86.32475559612935
2023-03-22 11:54:47.787468,86.33396386494152
2023-03-23 11:54:47.787468,101.51738635325758
2023-03-24 11:54:47.787468,95.58233890251411
2023-03-25 11:54:47.787468,79.14160823473199
2023-03-26 11:54:47.787468,99.2449800554615
2023-03-27 11:54:47.787468,84.62006330831889
2023-03-28 11:54:47.787468,114.89043341369879
2023-03-29 11:54:47.787468,118.36076156458662
2023-03-30 11:54:47.787468,89.6867995857153
2023-03-31 11:54:47.787468,105.79324145280309
2023-04-01 11:54:47.787468,121.74028572609244
2023-04-02 11:54:47.787468,121.69951038013821
2023-04-03 11:54:47.787468,125.47453537736511
2023-04-04 11:54:47.787468,114.32936385541927
2023-04-05 11:54:47.787468,99.14277393049115
2023-04-06 11:54:47.787468,113.41504661198303
2023-04-07 11:54:47.787468,101.09313406705928
2023-04-08 11:54:47.787468,116.1725439241053
2023-04-09 11:54:47.787468,115.56041301368512
2023-04-10 11:54:47.787468,98.93506485249523
2023-04-11 11:54:47.787468,112.38329705502215
2023-04-12 11:54:47.787468,117.65254903426842
2023-04-13 11:54:47.787468,100.7198459317966
2023-04-14 11:54:47.787468,110.19276812299515
2023-04-15 11:54:47.787468,102.98880310481621
2023-04-16 11:54:47.787468,95.67161886126003
2023-04-17 11:54:47.787468,116.40733151743177
2023-04-18 11:54:47.787468,109.05554132777468
2023-04-19 11:54:47.787468,121.37517484594301
2023-04-20 11:54:47.787468,126.15510179024415
2023-04-21 11:54:47.787468,118.0766238630211
2023-04-22 11:54:47.787468,102.39695298893267
2023-04-23 11:54:47.787468,125.61658856925357
2023-04-24 11:54:47.787468,112.05557870286604
2023-04-25 11:54:47.787468,115.34066385065341
2023-04-26 11:54:47.787468,133.96967757497296
2023-04-27 11:54:47.787468,116.63775092697841
2023-04-28 11:54:47.787468,114.96544984953424
2023-04-29 11:54:47.787468,115.66517215995606
2023-04-30 11:54:47.787468,128.75871278597324
2023-05-01 11:54:47.787468,132.04136971236738
2023-05-02 11:54:47.787468,122.26717426119014
2023-05-03 11:54:47.787468,124.23941989789209
2023-05-04 11:54:47.787468,111.1133488477189
2023-05-05 11:54:47.787468,126.83290915548832
2023-05-06 11:54:47.787468,116.54083414595235
2023-05-07 11:54:47.787468,132.70455286188408
2023-05-08 11:54:47.787468,125.89190898759017
2023-05-09 11:54:47.787468,115.10340135641246
2023-05-10 11:54:47.787468,137.03535918403952
2023-05-11 11:54:47.787468,107.78029976336309
2023-05-12 11:54:47.787468,113.9265908875227
2023-05-13 11:54:47.787468,137.3600618213664
2023-05-14 11:54:47.787468,123.53297316159689
2023-05-15 11:54:47.787468,141.71863081029775
2023-05-16 11:54:47.787468,133.5847062979174
2023-05-17 11:54:47.787468,136.20006468550477
2023-05-18 11:54:47.787468,133.70499908561254
2023-05-19 11:54:47.787468,135.19740127144738
2023-05-20 11:54:47.787468,126.00296921848246
2023-05-21 11:54:47.787468,121.54577565577013
2023-05-22 11:54:47.787468,131.88667398105673
2023-05-23 11:54:47.787468,140.4037291064712
2023-05-24 11:54:47.787468,140.00618854777696
2023-05-25 11:54:47.787468,130.7778917507117
2023-05-26 11:54:47.787468,112.20702466453096
2023-05-27 11:54:47.787468,130.6766797009215
2023-05-28 11:54:47.787468,130.98214646499207
2023-05-29 11:54:47.787468,131.04309087136355
2023-05-30 11:54:47.787468,117.36946117376765
2023-05-31 11:54:47.787468,131.30610592044573
2023-06-01 11:54:47.787468,141.27364061702912
2023-06-02 11:54:47.787468,122.98574867176647
2023-06-03 11:54:47.787468,121.72694932421261
2023-06-04 11:54:47.787468,121.02276020566416
2023-06-05 11:54:47.787468,109.931602453747
2023-06-06 11:54:47.787468,122.07526852380742
2023-06-07 11:54:47.787468,112.72765666686871
2023-06-08 11:54:47.787468,101.35480444902798
2023-06-09 11:54:47.787468,120.97221826907375
2023-06-10 11:54:47.787468,102.19575473783513
2023-06-11 11:54:47.787468,123.7819602755671
2023-06-12 11:54:47.787468,100.99271631440209
2023-06-13 11:54:47.787468,137.96259359528847
2023-06-14 11:54:47.787468,120.87516302590241
2023-06-15 11:54:47.787468,131.71424039954326
2023-06-16 11:54:47.787468,126.79982985715587
2023-06-17 11:54:47.787468,111.06828030703431
2023-06-18 11:54:47.787468,93.19000813252498
2023-06-19 11:54:47.787468,137.8145382631329
2023-06-20 11:54:47.787468,97.1507220979769
2023-06-21 11:54:47.787468,110.22147903825562
2023-06-22 11:54:47.787468,113.23017611386342
2023-06-23 11:54:47.787468,106.0709350192397
2023-06-24 11:54:47.787468,118.66051646255478
2023-06-25 11:54:47.787468,105.48335330563994
2023-06-26 11:54:47.787468,102.24048936565588
2023-06-27 11:54:47.787468,123.93056878669745
2023-06-28 11:54:47.787468,111.51034520484022
2023-06-29 11:54:47.787468,101.28552270928046
2023-06-30 11:54:47.787468,110.15730991164024
2023-07-01 11:54:47.787468,92.26436562951993
2023-07-02 11:54:47.787468,111.51877334816108
2023-07-03 11:54:47.787468,116.18399129238468
2023-07-04 11:54:47.787468,112.6385991720424
2023-07-05 11:54:47.787468,89.43931234913124
2023-07-06 11:54:47.787468,113.86753771538247
2023-07-07 11:54:47.787468,111.79897819861783
2023-07-08 11:54:47.787468,93.52368534769693
2023-07-09 11:54:47.787468,104.47379700693014
2023-07-10 11:54:47.787468,95.83157165146685
2023-07-11 11:54:47.787468,89.12508002002686
2023-07-12 11:54:47.787468,100.00661166846041
2023-07-13 11:54:47.787468,99.09950587968262
2023-07-14 11:54:47.787468,93.80745700143778
2023-07-15 11:54:47.787468,90.48428885662948
2023-07-16 11:54:47.787468,108.07510692812872
2023-07-17 11:54:47.787468,123.27108261628362
2023-07-18 11:54:47.787468,98.83496729891924
2023-07-19 11:54:47.787468,105.20839941835972
2023-07-20 11:54:47.787468,104.24186065990456
2023-07-21 11:54:47.787468,85.1727943050637
2023-07-22 11:54:47.787468,89.28362897343604
2023-07-23 11:54:47.787468,89.85617066736825
2023-07-24 11:54:47.787468,89.05412960933428
2023-07-25 11:54:47.787468,93.38602281632704
2023-07-26 11:54:47.787468,97.3163331408286
2023-07-27 11:54:47.787468,85.65569995080189
2023-07-28 11:54:47.787468,87.15126333761502
2023-07-29 11:54:47.787468,73.0602589471681
2023-07-30 11:54:47.787468,89.91318174115872
2023-07-31 11:54:47.787468,95.52248250956012
2023-08-01 11:54:47.787468,75.74971608299245
2023-08-02 11:54:47.787468,80.68262448722132
2023-08-03 11:54:47.787468,83.2359371760576
2023-08-04 11:54:47.787468,85.62752343207707
2023-08-05 11:54:47.787468,80.14572894383952
2023-08-06 11:54:47.787468,102.99289403352152
2023-08-07 11:54:47.787468,76.16426680417429
2023-08-08 11:54:47.787468,79.51861472228288
2023-08-09 11:54:47.787468,66.65007059525789
2023-08-10 11:54:47.787468,81.89366597381057
2023-08-11 11:54:47.787468,66.07304232497063
2023-08-12 11:54:47.787468,99.56953327406009
2023-08-13 11:54:47.787468,76.63492228146823
2023-08-14 11:54:47.787468,61.93726009688079
2023-08-15 11:54:47.787468,69.4586206993505
2023-08-16 11:54:47.787468,70.12144230925925
2023-08-17 11:54:47.787468,65.83284572182245
2023-08-18 11:54:47.787468,52.94750978742858
2023-08-19 11:54:47.787468,55.609721880090525
2023-08-20 11:54:47.787468,68.13639478040784
2023-08-21 11:54:47.787468,60.39796395887908
2023-08-22 11:54:47.787468,52.61588692369947
2023-08-23 11:54:47.787468,65.7102579634046
2023-08-24 11:54:47.787468,63.97288951770422
2023-08-25 11:54:47.787468,68.32399953367883
2023-08-26 11:54:47.787468,70.179049922633
2023-08-27 11:54:47.787468,44.96655137594697
2023-08-28 11:54:47.787468,68.45653973504719
2023-08-29 11:54:47.787468,52.338155807139714
2023-08-30 11:54:47.787468,69.36964436434252
2023-08-31 11:54:47.787468,52.17154138435236
2023-09-01 11:54:47.787468,78.16440328150023
2023-09-02 11:54:47.787468,52.883482401880386
2023-09-03 11:54:47.787468,59.29887317539558
2023-09-04 11:54:47.787468,42.198582183384886
2023-09-05 11:54:47.787468,47.85051254134061
2023-09-06 11:54:47.787468,69.72995381429666
2023-09-07 11:54:47.787468,46.90177914566951
2023-09-08 11:54:47.787468,47.649737053431934
2023-09-09 11:54:47.787468,49.20051926590297
2023-09-10 11:54:47.787468,42.42151822536338
2023-09-11 11:54:47.787468,38.09381148882961
2023-09-12 11:54:47.787468,46.25717335495223
2023-09-13 11:54:47.787468,36.38076999352971
2023-09-14 11:54:47.787468,42.71747390989955
2023-09-15 11:54:47.787468,36.0651371164513
2023-09-16 11:54:47.787468,27.78642022671596
2023-09-17 11:54:47.787468,37.17292191851108
2023-09-18 11:54:47.787468,38.7714857385477
2023-09-19 11:54:47.787468,50.498001563230744
2023-09-20 11:54:47.787468,43.41348258609704
2023-09-21 11:54:47.787468,43.29254412018651
2023-09-22 11:54:47.787468,29.559305963449216
2023-09-23 11:54:47.787468,36.11423408742341
2023-09-24 11:54:47.787468,52.1551338761152
2023-09-25 11:54:47.787468,30.021041954664714
2023-09-26 11:54:47.787468,41.191792034052426
2023-09-27 11:54:47.787468,29.500693231475637
2023-09-28 11:54:47.787468,37.13076506755823
2023-09-29 11:54:47.787468,30.658862687907092
2023-09-30 11:54:47.787468,44.13202555406272
2023-10-01 11:54:47.787468,34.18237033472486
2023-10-02 11:54:47.787468,40.77370989625575
2023-10-03 11:54:47.787468,11.943997690391761
2023-10-04 11:54:47.787468,10.0
2023-10-05 11:54:47.787468,41.42942051791856
2023-10-06 11:54:47.787468,23.484909583296407
2023-10-07 11:54:47.787468,26.992843481292798
2023-10-08 11:54:47.787468,27.453364735950068
2023-10-09 11:54:47.787468,20.313828510218645
2023-10-10 11:54:47.787468,19.072378097357085
2023-10-11 11:54:47.787468,10.0
2023-10-12 11:54:47.787468,14.938654211241108
2023-10-13 11:54:47.787468,14.187255130364344
2023-10-14 11:54:47.787468,10.0
2023-10-15 11:54:47.787468,36.66210029496649
2023-10-16 11:54:47.787468,27.767877136438788
2023-10-17 11:54:47.787468,15.87735605900218
2023-10-18 11:54:47.787468,33.860186119823936
2023-10-19 11:54:47.787468,10.0
2023-10-20 11:54:47.787468,17.13639315587226
2023-10-21 11:54:47.787468,26.4865446591563
2023-10-22 11:54:47.787468,22.628887992168448
2023-10-23 11:54:47.787468,22.824120953520236
2023-10-24 11:54:47.787468,24.22782582859863
2023-10-25 11:54:47.787468,17.167037208995204
2023-10-26 11:54:47.787468,16.399500378811027
2023-10-27 11:54:47.787468,41.83882432797098
2023-10-28 11:54:47.787468,23.327144822434448
2023-10-29 11:54:47.787468,15.311897191153243
2023-10-30 11:54:47.787468,22.9041637550942
2023-10-31 11:54:47.787468,28.576827236132644
2023-11-01 11:54:47.787468,14.308490738069285
2023-11-02 11:54:47.787468,10.0
2023-11-03 11:54:47.787468,16.139827846836212
2023-11-04 11:54:47.787468,22.735772655374628
2023-11-05 11:54:47.787468,10.829065081604089
2023-11-06 11:54:47.787468,29.646974488767306
2023-11-07 11:54:47.787468,29.99186739288188
2023-11-08 11:54:47.787468,10.0
2023-11-09 11:54:47.787468,16.964560273716543
2023-11-10 11:54:47.787468,14.159264062838272
2023-11-11 11:54:47.787468,20.42143023779672
2023-11-12 11:54:47.787468,30.423830536213714
2023-11-13 11:54:47.787468,16.05141759507044
2023-11-14 11:54:47.787468,16.62053366724511
2023-11-15 11:54:47.787468,28.71457422527949
2023-11-16 11:54:47.787468,25.073359907726683
2023-11-17 11:54:47.787468,23.613326202580524
2023-11-18 11:54:47.787468,16.569076310626624
2023-11-19 11:54:47.787468,27.799098788929214
2023-11-20 11:54:47.787468,30.584830894075942
2023-11-21 11:54:47.787468,35.70713088227251
2023-11-22 11:54:47.787468,31.23382250673552
2023-11-23 11:54:47.787468,15.068351552858953
2023-11-24 11:54:47.787468,83.16581057014724
2023-11-25 11:54:47.787468,62.018562761069504
2023-11-26 11:54:47.787468,77.60594537344264
2023-11-27 11:54:47.787468,85.95469471207457
2023-11-28 11:54:47.787468,74.19333536223527
2023-11-29 11:54:47.787468,20.785717598762705
2023-11-30 11:54:47.787468,27.263330180530627
2023-12-01 11:54:47.787468,12.601214818079129
2023-12-02 11:54:47.787468,12.472295760011727
2023-12-03 11:54:47.787468,15.421258183083431
2023-12-04 11:54:47.787468,14.716142815663995
2023-12-05 11:54:47.787468,23.680650204079804
2023-12-06 11:54:47.787468,26.52944312942921
2023-12-07 11:54:47.787468,26.481836699417414
2023-12-08 11:54:47.787468,42.1144003585986
2023-12-09 11:54:47.787468,37.87074764245147
2023-12-10 11:54:47.787468,39.56215847190104
2023-12-11 11:54:47.787468,18.660109697846423
2023-12-12 11:54:47.787468,10.0
2023-12-13 11:54:47.787468,43.759180434174056
2023-12-14 11:54:47.787468,37.61038783913426
2023-12-15 11:54:47.787468,71.26004612567677
2023-12-16 11:54:47.787468,91.93111641983138
2023-12-17 11:54:47.787468,92.92702223139533
2023-12-18 11:54:47.787468,94.21414825085972
2023-12-19 11:54:47.787468,74.14229787404739
2023-12-20 11:54:47.787468,86.86987500564703
2023-12-21 11:54:47.787468,72.29769320975956
2023-12-22 11:54:47.787468,88.905323986356
2023-12-23 11:54:47.787468,108.07997583551064
2023-12-24 11:54:47.787468,101.86402027145316
2023-12-25 11:54:47.787468,78.52443124397149
2023-12-26 11:54:47.787468,37.839565222919504
2023-12-27 11:54:47.787468,27.80158407364671
2023-12-28 11:54:47.787468,23.59824100085142
2023-12-29 11:54:47.787468,37.03131335555116
2023-12-30 11:54:47.787468,49.42668889272336
2023-12-31 11:54:47.787468,40.550163985189506
2024-01-01 11:54:47.787468,33.38046847453604
2024-01-02 11:54:47.787468,37.42273688852025
2024-01-03 11:54:47.787468,44.91007513940411
2024-01-04 11:54:47.787468,55.24078717361161
2024-01-05 11:54:47.787468,60.46869516858707
2024-01-06 11:54:47.787468,45.84607764877686
2024-01-07 11:54:47.787468,35.92566837632568
2024-01-08 11:54:47.787468,44.643574423788124
2024-01-09 11:54:47.787468,26.20411448672779
2024-01-10 11:54:47.787468,44.66471246010702
2024-01-11 11:54:47.787468,53.46008455371781
2024-01-12 11:54:47.787468,49.867707202721704
2024-01-13 11:54:47.787468,59.482827352781726
2024-01-14 11:54:47.787468,58.55723913274369
2024-01-15 11:54:47.787468,60.185696374903515
2024-01-16 11:54:47.787468,42.30334978497722
2024-01-17 11:54:47.787468,62.039646725670096
2024-01-18 11:54:47.787468,38.68153063139499
2024-01-19 11:54:47.787468,51.3025139922272
2024-01-20 11:54:47.787468,64.83454975851392
2024-01-21 11:54:47.787468,61.44186332418959
2024-01-22 11:54:47.787468,54.79232871240309
2024-01-23 11:54:47.787468,88.76031217498932
2024-01-24 11:54:47.787468,51.434943056103776
2024-01-25 11:54:47.787468,55.89999296412353
2024-01-26 11:54:47.787468,59.09866638768246
2024-01-27 11:54:47.787468,90.50541792287007
2024-01-28 11:54:47.787468,64.682345700968
2024-01-29 11:54:47.787468,55.12542736552828
2024-01-30 11:54:47.787468,81.84273198158462
2024-01-31 11:54:47.787468,57.22647291101805
2024-02-01 11:54:47.787468,81.10704060124777
2024-02-02 11:54:47.787468,58.41525307869111
2024-02-03 11:54:47.787468,69.75823290985377
2024-02-04 11:54:47.787468,62.415245234369316
2024-02-05 11:54:47.787468,82.38062192787976
2024-02-06 11:54:47.787468,68.46406132465296
2024-02-07 11:54:47.787468,74.41314712544319
2024-02-08 11:54:47.787468,76.45088118849405
2024-02-09 11:54:47.787468,84.2441909320425
2024-02-10 11:54:47.787468,81.61736957505953
2024-02-11 11:54:47.787468,84.63444047535967
2024-02-12 11:54:47.787468,85.85229109411978
2024-02-13 11:54:47.787468,64.5383393654215
2024-02-14 11:54:47.787468,104.05316973467924
2024-02-15 11:54:47.787468,107.84236413095904
2024-02-16 11:54:47.787468,79.26565599070202
2024-02-17 11:54:47.787468,74.5130743707185
2024-02-18 11:54:47.787468,87.05735100481243
2024-02-19 11:54:47.787468,109.9302848038023
2024-02-20 11:54:47.787468,94.77930409751998
2024-02-21 11:54:47.787468,95.18034796670246
2024-02-22 11:54:47.787468,98.44790358482255
2024-02-23 11:54:47.787468,92.92819348576342
2024-02-24 11:54:47.787468,108.62223444741099
2024-02-25 11:54:47.787468,106.00296782618591
2024-02-26 11:54:47.787468,100.59680816493936
2024-02-27 11:54:47.787468,103.87226816424764
2024-02-28 11:54:47.787468,85.01429838402937
2024-02-29 11:54:47.787468,96.63743557047613
2024-03-01 11:54:47.787468,105.13228164308028
2024-03-02 11:54:47.787468,111.43673240420472
2024-03-03 11:54:47.787468,116.93604958329506
2024-03-04 11:54:47.787468,114.37448207583412
2024-03-05 11:54:47.787468,105.21340947280478
2024-03-06 11:54:47.787468,126.92086751742556
2024-03-07 11:54:47.787468,121.3520234900761
2024-03-08 11:54:47.787468,86.82358657451309
2024-03-09 11:54:47.787468,128.55822062195944
2024-03-10 11:54:47.787468,119.46002497863047
2024-03-11 11:54:47.787468,102.64444647929702
2024-03-12 11:54:47.787468,123.37172542589497
2024-03-13 11:54:47.787468,120.14753187100604
2024-03-14 11:54:47.787468,115.37011738199239
2024-03-15 11:54:47.787468,133.88508668002393
2024-03-16 11:54:47.787468,128.42578855199602
2024-03-17 11:54:47.787468,114.99568090971353
2024-03-18 11:54:47.787468,129.78450748001447
2024-03-19 11:54:47.787468,100.86871774341134
2024-03-20 11:54:47.787468,106.35204252284343
2024-03-21 11:54:47.787468,137.64281278551007
2024-03-22 11:54:47.787468,117.65690227352556
2024-03-23 11:54:47.787468,122.80846526244832
2024-03-24 11:54:47.787468,125.52912968617618
2024-03-25 11:54:47.787468,128.01133768222888
2024-03-26 11:54:47.787468,135.94922523676132
2024-03-27 11:54:47.787468,132.0100857569848
2024-03-28 11:54:47.787468,129.00460047600313
2024-03-29 11:54:47.787468,133.68052957643047
2024-03-30 11:54:47.787468,149.90799165437232
2024-03-31 11:54:47.787468,123.6661564295441
2024-04-01 11:54:47.787468,146.53441806087426
2024-04-02 11:54:47.787468,134.56249028663623
2024-04-03 11:54:47.787468,146.14802183162905
2024-04-04 11:54:47.787468,137.94931401695465
2024-04-05 11:54:47.787468,132.34124324352825
2024-04-06 11:54:47.787468,144.25679089758268
2024-04-07 11:54:47.787468,129.4744226358122
2024-04-08 11:54:47.787468,144.6737922611327
2024-04-09 11:54:47.787468,143.59566199705688
2024-04-10 11:54:47.787468,149.2901975807984
2024-04-11 11:54:47.787468,125.4426022441839
2024-04-12 11:54:47.787468,138.3093469375653
2024-04-13 11:54:47.787468,154.46192387584773
2024-04-14 11:54:47.787468,145.96959912550437
2024-04-15 11:54:47.787468,158.76968766140868
2024-04-16 11:54:47.787468,136.80138794764747
2024-04-17 11:54:47.787468,141.1709084999214
2024-04-18 11:54:47.787468,140.84837461916584
2024-04-19 11:54:47.787468,151.55668775980712
2024-04-20 11:54:47.787468,136.25147134807645
2024-04-21 11:54:47.787468,150.3676445341362
2024-04-22 11:54:47.787468,161.24951187983646
2024-04-23 11:54:47.787468,175.10065067817422
2024-04-24 11:54:47.787468,133.92373081544875
2024-04-25 11:54:47.787468,149.28059858836247
2024-04-26 11:54:47.787468,160.04653625333947
2024-04-27 11:54:47.787468,150.10369029705086
2024-04-28 11:54:47.787468,160.5583088218945
2024-04-29 11:54:47.787468,154.1907933139785
2024-04-30 11:54:47.787468,143.66364892141019
2024-05-01 11:54:47.787468,151.0073660546991
2024-05-02 11:54:47.787468,158.60641467947272
2024-05-03 11:54:47.787468,151.8593356104501
2024-05-04 11:54:47.787468,152.4121363768055
2024-05-05 11:54:47.787468,156.13777406324874
2024-05-06 11:54:47.787468,144.98317934790654
2024-05-07 11:54:47.787468,154.78574486401308
2024-05-08 11:54:47.787468,142.21003000290406
2024-05-09 11:54:47.787468,162.42463577573628
2024-05-10 11:54:47.787468,148.660235585319
2024-05-11 11:54:47.787468,154.05322915186795
2024-05-12 11:54:47.787468,159.90670143722656
2024-05-13 11:54:47.787468,162.57670646536877
2024-05-14 11:54:47.787468,142.64556756587425
2024-05-15 11:54:47.787468,163.13289133990818
2024-05-16 11:54:47.787468,156.10138633456646
2024-05-17 11:54:47.787468,169.98796753062695
2024-05-18 11:54:47.787468,145.84862579447898
2024-05-19 11:54:47.787468,158.52689381280058
2024-05-20 11:54:47.787468,162.38465600031924
2024-05-21 11:54:47.787468,154.8865906463965
2024-05-22 11:54:47.787468,164.15632567295467
2024-05-23 11:54:47.787468,157.45785448143312
2024-05-24 11:54:47.787468,142.10838805049482
2024-05-25 11:54:47.787468,158.3667715090794
2024-05-26 11:54:47.787468,153.701460848955
2024-05-27 11:54:47.787468,154.3404438831597
2024-05-28 11:54:47.787468,146.6928184130725
2024-05-29 11:54:47.787468,159.4271015806737
2024-05-30 11:54:47.787468,165.63103176493652
2024-05-31 11:54:47.787468,140.78535524377156
2024-06-01 11:54:47.787468,145.05072357333066
2024-06-02 11:54:47.787468,160.5668604946119
2024-06-03 11:54:47.787468,156.8307039495993
2024-06-04 11:54:47.787468,147.73070283103945
2024-06-05 11:54:47.787468,162.46538001677956
2024-06-06 11:54:47.787468,140.80507704666422
2024-06-07 11:54:47.787468,173.45865828219817
2024-06-08 11:54:47.787468,138.1693795671829
2024-06-09 11:54:47.787468,143.71958784198054
2024-06-10 11:54:47.787468,143.41660835875598
2024-06-11 11:54:47.787468,159.70607304877586
2024-06-12 11:54:47.787468,131.92053995588566
2024-06-13 11:54:47.787468,140.99759458235766
2024-06-14 11:54:47.787468,161.49678934556357
2024-06-15 11:54:47.787468,162.2088192417514
2024-06-16 11:54:47.787468,141.24580870604757
2024-06-17 11:54:47.787468,132.8221595520365
2024-06-18 11:54:47.787468,140.4577667911115
2024-06-19 11:54:47.787468,149.15901449552044
2024-06-20 11:54:47.787468,134.72856535702235
2024-06-21 11:54:47.787468,155.2656726179034
2024-06-22 11:54:47.787468,154.03023335012887
2024-06-23 11:54:47.787468,146.0506356499131
2024-06-24 11:54:47.787468,147.69941618764108
2024-06-25 11:54:47.787468,128.4682558290646
2024-06-26 11:54:47.787468,129.54656230231413
2024-06-27 11:54:47.787468,138.8980834167144
2024-06-28 11:54:47.787468,140.78286122467105
2024-06-29 11:54:47.787468,119.6830561728975
2024-06-30 11:54:47.787468,133.64526656885516
2024-07-01 11:54:47.787468,147.3258715706692
2024-07-02 11:54:47.787468,132.57268628318232
2024-07-03 11:54:47.787468,134.4224871378714
2024-07-04 11:54:47.787468,148.167752418403
2024-07-05 11:54:47.787468,149.48044309859463
2024-07-06 11:54:47.787468,130.17175461575684
2024-07-07 11:54:47.787468,120.32234014457686
2024-07-08 11:54:47.787468,114.61360257694457
2024-07-09 11:54:47.787468,134.05200045532635
2024-07-10 11:54:47.787468,144.57301601177198
2024-07-11 11:54:47.787468,128.34917596529755
2024-07-12 11:54:47.787468,132.5904901569318
2024-07-13 11:54:47.787468,140.37371384199307
2024-07-14 11:54:47.787468,130.9528415273657
2024-07-15 11:54:47.787468,132.4341050140212
2024-07-16 11:54:47.787468,114.52673418913902
2024-07-17 11:54:47.787468,130.7082491835126
2024-07-18 11:54:47.787468,131.08581795487368
2024-07-19 11:54:47.787468,124.37998588584375
2024-07-20 11:54:47.787468,116.58332026316542
2024-07-21 11:54:47.787468,118.91876820451776
2024-07-22 11:54:47.787468,139.8302854912372
2024-07-23 11:54:47.787468,123.74870463633042
2024-07-24 11:54:47.787468,122.64658020296922
2024-07-25 11:54:47.787468,116.71442408799412
2024-07-26 11:54:47.787468,131.18679919872295
2024-07-27 11:54:47.787468,119.72403075104481
2024-07-28 11:54:47.787468,132.04176900408524
2024-07-29 11:54:47.787468,125.45360690766276
2024-07-30 11:54:47.787468,117.61780188533072
2024-07-31 11:54:47.787468,124.5848177224076
2024-08-01 11:54:47.787468,110.63077690846622
2024-08-02 11:54:47.787468,111.94898042346891
2024-08-03 11:54:47.787468,134.72958497401459
2024-08-04 11:54:47.787468,116.62021777691982
2024-08-05 11:54:47.787468,107.33971018535739
2024-08-06 11:54:47.787468,125.18318931782848
2024-08-07 11:54:47.787468,108.29650623078479
2024-08-08 11:54:47.787468,117.82384212410219
2024-08-09 11:54:47.787468,124.40218000249115
2024-08-10 11:54:47.787468,86.788704989667
2024-08-11 11:54:47.787468,101.16165794001293
2024-08-12 11:54:47.787468,109.29882277759098
2024-08-13 11:54:47.787468,88.01683247573462
2024-08-14 11:54:47.787468,90.54806989850259
2024-08-15 11:54:47.787468,107.01857378880938
2024-08-16 11:54:47.787468,91.84663624776097
2024-08-17 11:54:47.787468,91.96166638623743
2024-08-18 11:54:47.787468,96.58517656665421
2024-08-19 11:54:47.787468,107.0711536348132
2024-08-20 11:54:47.787468,103.55444870261022
2024-08-21 11:54:47.787468,92.57383217344503
2024-08-22 11:54:47.787468,87.85510298214368
2024-08-23 11:54:47.787468,108.84809382555517
2024-08-24 11:54:47.787468,102.53076913076708
2024-08-25 11:54:47.787468,93.65135680238802
2024-08-26 11:54:47.787468,97.706667291936
2024-08-27 11:54:47.787468,90.40038149081694
2024-08-28 11:54:47.787468,113.69516091312708
2024-08-29 11:54:47.787468,85.09662160383412
2024-08-30 11:54:47.787468,106.5134151757371
2024-08-31 11:54:47.787468,86.337565185652
2024-09-01 11:54:47.787468,87.50970346823358
2024-09-02 11:54:47.787468,70.47192138386835
2024-09-03 11:54:47.787468,75.52517262239535
2024-09-04 11:54:47.787468,78.33855189217063
2024-09-05 11:54:47.787468,85.98487767275213
2024-09-06 11:54:47.787468,79.7720122541689
2024-09-07 11:54:47.787468,89.11968567952505
2024-09-08 11:54:47.787468,92.80156537830455
2024-09-09 11:54:47.787468,62.88884693102756
2024-09-10 11:54:47.787468,88.5830218483791
2024-09-11 11:54:47.787468,78.31489094555178
2024-09-12 11:54:47.787468,93.94113688766083
2024-09-13 11:54:47.787468,78.19484949011473
2024-09-14 11:54:47.787468,67.83328285873294
2024-09-15 11:54:47.787468,64.27225018267747
2024-09-16 11:54:47.787468,71.30026593804992
2024-09-17 11:54:47.787468,84.0123843869415
2024-09-18 11:54:47.787468,84.15272290441114
2024-09-19 11:54:47.787468,60.64016128735909
2024-09-20 11:54:47.787468,79.31445274849808
2024-09-21 11:54:47.787468,60.79582859469338
2024-09-22 11:54:47.787468,75.12599813592298
2024-09-23 11:54:47.787468,56.61694580815228
2024-09-24 11:54:47.787468,55.77047844219563
2024-09-25 11:54:47.787468,90.30840435149997
2024-09-26 11:54:47.787468,55.25040863132406
2024-09-27 11:54:47.787468,66.67092557849027
2024-09-28 11:54:47.787468,71.31158933191163
2024-09-29 11:54:47.787468,51.45440871611905
2024-09-30 11:54:47.787468,61.172252410093805
2024-10-01 11:54:47.787468,54.99720379105845
2024-10-02 11:54:47.787468,68.50207906739261
2024-10-03 11:54:47.787468,81.32102091840976
2024-10-04 11:54:47.787468,56.92785658714465
2024-10-05 11:54:47.787468,46.0759176920415
2024-10-06 11:54:47.787468,70.99914555691385
2024-10-07 11:54:47.787468,45.373147991734555
2024-10-08 11:54:47.787468,48.178569397971536
2024-10-09 11:54:47.787468,61.07310685155884
2024-10-10 11:54:47.787468,62.07189516614295
2024-10-11 11:54:47.787468,60.984376657094735
2024-10-12 11:54:47.787468,88.92098105350483
2024-10-13 11:54:47.787468,65.84739645666275
2024-10-14 11:54:47.787468,75.2696341680653
2024-10-15 11:54:47.787468,55.79038730648206
2024-10-16 11:54:47.787468,58.79824378647031
2024-10-17 11:54:47.787468,55.79173679531389
2024-10-18 11:54:47.787468,56.33117345183437
2024-10-19 11:54:47.787468,59.1272433590561
2024-10-20 11:54:47.787468,58.64121207260685
2024-10-21 11:54:47.787468,44.243168543912084
2024-10-22 11:54:47.787468,39.1628406972155
2024-10-23 11:54:47.787468,74.04198604105927
2024-10-24 11:54:47.787468,69.18797979540383
2024-10-25 11:54:47.787468,57.623831343005236
2024-10-26 11:54:47.787468,47.19572943380025
2024-10-27 11:54:47.787468,60.1297006380508
2024-10-28 11:54:47.787468,54.67556796684147
2024-10-29 11:54:47.787468,49.28117079826521
2024-10-30 11:54:47.787468,45.59173784547709
2024-10-31 11:54:47.787468,61.61500741454235
2024-11-01 11:54:47.787468,55.89195844381729
2024-11-02 11:54:47.787468,38.34029885058794
2024-11-03 11:54:47.787468,54.7873538497223
2024-11-04 11:54:47.787468,57.27943544653536
2024-11-05 11:54:47.787468,61.364447187404
2024-11-06 11:54:47.787468,43.820720467984415
2024-11-07 11:54:47.787468,47.73920947196414
2024-11-08 11:54:47.787468,54.684797477189214
2024-11-09 11:54:47.787468,39.65912831759556
2024-11-10 11:54:47.787468,45.52986942611546
2024-11-11 11:54:47.787468,53.58052602361053
2024-11-12 11:54:47.787468,52.92270296827306
2024-11-13 11:54:47.787468,68.30933351397844
2024-11-14 11:54:47.787468,60.910292788470024
2024-11-15 11:54:47.787468,40.80189226299699
2024-11-16 11:54:47.787468,47.00522633668005
2024-11-17 11:54:47.787468,47.91788547923117
2024-11-18 11:54:47.787468,53.01550990469186
2024-11-19 11:54:47.787468,58.32922734688585
2024-11-20 11:54:47.787468,49.918389711365094
2024-11-21 11:54:47.787468,50.77074730715488
2024-11-22 11:54:47.787468,56.730649894488245
2024-11-23 11:54:47.787468,53.905673527361834
2024-11-24 11:54:47.787468,112.49137503642909
2024-11-25 11:54:47.787468,102.12201776968939
2024-11-26 11:54:47.787468,94.89621385539357
2024-11-27 11:54:47.787468,106.26659336261014
2024-11-28 11:54:47.787468,95.73175465115202
2024-11-29 11:54:47.787468,59.52020425611656
2024-11-30 11:54:47.787468,57.18149124060041
2024-12-01 11:54:47.787468,57.63006193122627
2024-12-02 11:54:47.787468,52.54092997828415
2024-12-03 11:54:47.787468,56.084096207525846
2024-12-04 11:54:47.787468,51.25714969245352
2024-12-05 11:54:47.787468,52.19139441515123
2024-12-06 11:54:47.787468,38.22228324326137
2024-12-07 11:54:47.787468,68.51683060090653
2024-12-08 11:54:47.787468,62.56045302884852
2024-12-09 11:54:47.787468,51.69093269062113
2024-12-10 11:54:47.787468,52.87431976541277
2024-12-11 11:54:47.787468,63.18287450238579
2024-12-12 11:54:47.787468,46.47363744394303
2024-12-13 11:54:47.787468,69.07465591129926
2024-12-14 11:54:47.787468,73.31710283476268
2024-12-15 11:54:47.787468,141.49758841406535
2024-12-16 11:54:47.787468,131.87352940901008
2024-12-17 11:54:47.787468,131.23345976864422
2024-12-18 11:54:47.787468,130.40279584919122
2024-12-19 11:54:47.787468,130.68007234972205
2024-12-20 11:54:47.787468,125.34330878614443
2024-12-21 11:54:47.787468,125.02292466170991
2024-12-22 11:54:47.787468,130.0956840500495
2024-12-23 11:54:47.787468,130.5795910876574
2024-12-24 11:54:47.787468,142.3319688852576
2024-12-25 11:54:47.787468,107.98006722892305
2024-12-26 11:54:47.787468,50.285571145681416
2024-12-27 11:54:47.787468,70.12460581295693
2024-12-28 11:54:47.787468,69.01503209428947
2024-12-29 11:54:47.787468,71.63892772249906
2024-12-30 11:54:47.787468,53.43724508716484
2024-12-31 11:54:47.787468,63.935414516676246
2025-01-01 11:54:47.787468,80.20343303888947
2025-01-02 11:54:47.787468,78.43490308854777
2025-01-03 11:54:47.787468,77.99661269352355
2025-01-04 11:54:47.787468,72.16548175467699
2025-01-05 11:54:47.787468,83.95865416459532
2025-01-06 11:54:47.787468,84.97572362570862
2025-01-07 11:54:47.787468,81.14347524994282
2025-01-08 11:54:47.787468,79.67726791792009
2025-01-09 11:54:47.787468,70.93315829505747
2025-01-10 11:54:47.787468,81.71962872802753
2025-01-11 11:54:47.787468,84.46439452598095
2025-01-12 11:54:47.787468,87.93694356461816
2025-01-13 11:54:47.787468,95.947894431975
2025-01-14 11:54:47.787468,101.33543863721961
2025-01-15 11:54:47.787468,81.13927519756287
2025-01-16 11:54:47.787468,85.86822407473831
2025-01-17 11:54:47.787468,100.82923371812811
2025-01-18 11:54:47.787468,94.17622566522202
2025-01-19 11:54:47.787468,110.08560792350889
2025-01-20 11:54:47.787468,88.90933055668526
2025-01-21 11:54:47.787468,105.74616499474415
2025-01-22 11:54:47.787468,94.89157160796739
2025-01-23 11:54:47.787468,99.69339339288284
2025-01-24 11:54:47.787468,85.73298819750686
2025-01-25 11:54:47.787468,99.53413270493682
2025-01-26 11:54:47.787468,96.98153454849462
2025-01-27 11:54:47.787468,100.36552565272318
2025-01-28 11:54:47.787468,95.21644746116623
2025-01-29 11:54:47.787468,80.21672774448632
2025-01-30 11:54:47.787468,86.06611090741922
2025-01-31 11:54:47.787468,117.2357910914155
2025-02-01 11:54:47.787468,96.32527725229164
2025-02-02 11:54:47.787468,93.39152612260294
2025-02-03 11:54:47.787468,100.29175977895844
2025-02-04 11:54:47.787468,113.76779976790806
2025-02-05 11:54:47.787468,113.83280343048092
2025-02-06 11:54:47.787468,107.86351167660311
2025-02-07 11:54:47.787468,112.51663203342628
2025-02-08 11:54:47.787468,119.66675336927074
2025-02-09 11:54:47.787468,114.62390898892765
2025-02-10 11:54:47.787468,124.72175454372368
2025-02-11 11:54:47.787468,112.02949981297769
2025-02-12 11:54:47.787468,119.07302595284862
2025-02-13 11:54:47.787468,127.38577549468995
2025-02-14 11:54:47.787468,135.94865852942672
2025-02-15 11:54:47.787468,114.81900985215572
2025-02-16 11:54:47.787468,133.13603040155508
2025-02-17 11:54:47.787468,126.12673119875979
2025-02-18 11:54:47.787468,138.4337695490403
2025-02-19 11:54:47.787468,138.83917702034384
2025-02-20 11:54:47.787468,136.9844694058646
2025-02-21 11:54:47.787468,132.78847369451594
2025-02-22 11:54:47.787468,129.00845902536278
2025-02-23 11:54:47.787468,137.42821898609066
2025-02-24 11:54:47.787468,127.17437951534414
2025-02-25 11:54:47.787468,137.9470902936179
2025-02-26 11:54:47.787468,134.87936904697932
2025-02-27 11:54:47.787468,129.88343537515448
2025-02-28 11:54:47.787468,126.7290134793105
2025-03-01 11:54:47.787468,142.92742205081063
2025-03-02 11:54:47.787468,127.14866828145365
2025-03-03 11:54:47.787468,142.38913572365735
2025-03-04 11:54:47.787468,140.1770815462291
2025-03-05 11:54:47.787468,140.45338724354596
2025-03-06 11:54:47.787468,152.92899273728844
2025-03-07 11:54:47.787468,154.42479531193692
2025-03-08 11:54:47.787468,130.95981832923266
2025-03-09 11:54:47.787468,143.05584937942731
2025-03-10 11:54:47.787468,150.58991309454115
2025-03-11 11:54:47.787468,139.1682022950515
2025-03-12 11:54:47.787468,152.9910777965763
2025-03-13 11:54:47.787468,136.64102265474108
2025-03-14 11:54:47.787468,152.98131958636742
2025-03-15 11:54:47.787468,155.48796108889883
2025-03-16 11:54:47.787468,143.79517406879592
2025-03-17 11:54:47.787468,152.52922999101548
2025-03-18 11:54:47.787468,160.5272199988143
2025-03-19 11:54:47.787468,153.42090593965122
2025-03-20 11:54:47.787468,163.4933490889568
2025-03-21 11:54:47.787468,155.833857089185
2025-03-22 11:54:47.787468,151.88189579739722
2025-03-23 11:54:47.787468,175.374612931237
2025-03-24 11:54:47.787468,178.36264156380375
2025-03-25 11:54:47.787468,151.94908742914086
2025-03-26 11:54:47.787468,168.0646915174528
2025-03-27 11:54:47.787468,151.21969279222205
2025-03-28 11:54:47.787468,157.3519546262298
2025-03-29 11:54:47.787468,162.9668537231505
2025-03-30 11:54:47.787468,170.71686661868566
2025-03-31 11:54:47.787468,173.52265286309972
2025-04-01 11:54:47.787468,156.0492748031857
2025-04-02 11:54:47.787468,179.24639826211654
2025-04-03 11:54:47.787468,169.3881033583123
2025-04-04 11:54:47.787468,176.14235838712494
2025-04-05 11:54:47.787468,154.9554985975597
2025-04-06 11:54:47.787468,182.7475749505734
2025-04-07 11:54:47.787468,176.63264230649628
2025-04-08 11:54:47.787468,183.9055136182311
2025-04-09 11:54:47.787468,172.51283583996212
2025-04-10 11:54:47.787468,187.51796055110137
2025-04-11 11:54:47.787468,186.01056413326367
2025-04-12 11:54:47.787468,182.538359138519
2025-04-13 11:54:47.787468,176.18143710823045
2025-04-14 11:54:47.787468,183.67639440138356
2025-04-15 11:54:47.787468,169.11729196672172
2025-04-16 11:54:47.787468,180.85138158101685
2025-04-17 11:54:47.787468,178.873586711792
2025-04-18 11:54:47.787468,174.728305206757
2025-04-19 11:54:47.787468,196.33940967954024
2025-04-20 11:54:47.787468,180.30045399243883
2025-04-21 11:54:47.787468,196.50122318082788
2025-04-22 11:54:47.787468,173.570510880284
2025-04-23 11:54:47.787468,185.52073869952443
2025-04-24 11:54:47.787468,180.74144195288255
2025-04-25 11:54:47.787468,192.5260282419669
2025-04-26 11:54:47.787468,174.5207263151829
2025-04-27 11:54:47.787468,191.7082943192203
2025-04-28 11:54:47.787468,197.89708967885375
2025-04-29 11:54:47.787468,192.25844724323386
2025-04-30 11:54:47.787468,195.41411422912532
2025-05-01 11:54:47.787468,173.62089374280453
2025-05-02 11:54:47.787468,184.10776159509552
2025-05-03 11:54:47.787468,205.7479588082192
2025-05-04 11:54:47.787468,197.04069644340714
2025-05-05 11:54:47.787468,198.42046396018083
2025-05-06 11:54:47.787468,202.35811783500753
2025-05-07 11:54:47.787468,199.64288446600804
2025-05-08 11:54:47.787468,179.52521580482423
2025-05-09 11:54:47.787468,186.94223256721827
2025-05-10 11:54:47.787468,178.23246201753423
2025-05-11 11:54:47.787468,207.1602835591612
2025-05-12 11:54:47.787468,173.9900761610038
2025-05-13 11:54:47.787468,200.51150560166124
2025-05-14 11:54:47.787468,167.97630218194655
2025-05-15 11:54:47.787468,189.1042559720254
2025-05-16 11:54:47.787468,170.59828907334273
2025-05-17 11:54:47.787468,185.21773363519026
2025-05-18 11:54:47.787468,211.5418856673153
2025-05-19 11:54:47.787468,186.72725334704631
2025-05-20 11:54:47.787468,179.1830210902872
2025-05-21 11:54:47.787468,183.84453595683436
2025-05-22 11:54:47.787468,196.27045592383843
2025-05-23 11:54:47.787468,185.29600443493266
2025-05-24 11:54:47.787468,183.9172305128405
2025-05-25 11:54:47.787468,188.76510413846648
2025-05-26 11:54:47.787468,186.50490572728305
2025-05-27 11:54:47.787468,174.17492131852762
2025-05-28 11:54:47.787468,185.3511517515892
2025-05-29 11:54:47.787468,194.90973275294135
2025-05-30 11:54:47.787468,202.9288131447533
2025-05-31 11:54:47.787468,197.4466946637965
2025-06-01 11:54:47.787468,182.29955868829848
2025-06-02 11:54:47.787468,184.57659399882053
2025-06-03 11:54:47.787468,189.69311099051075
2025-06-04 11:54:47.787468,188.31495045864295
2025-06-05 11:54:47.787468,181.4825015274906
2025-06-06 11:54:47.787468,190.53978981157826
2025-06-07 11:54:47.787468,186.68929496068694
2025-06-08 11:54:47.787468,189.51732139674243
2025-06-09 11:54:47.787468,174.1989929733489
2025-06-10 11:54:47.787468,194.12940169441217
2025-06-11 11:54:47.787468,194.0212045638945
2025-06-12 11:54:47.787468,196.81169950919377
2025-06-13 11:54:47.787468,197.72420954686254
2025-06-14 11:54:47.787468,182.2852916431336
2025-06-15 11:54:47.787468,194.35099617523244
2025-06-16 11:54:47.787468,191.08553168753465
2025-06-17 11:54:47.787468,181.78382094221308
2025-06-18 11:54:47.787468,190.46981472467678
2025-06-19 11:54:47.787468,192.00559422374926
2025-06-20 11:54:47.787468,186.31859089783435
2025-06-21 11:54:47.787468,175.34378204513666
2025-06-22 11:54:47.787468,174.7858203105347
2025-06-23 11:54:47.787468,190.21820236900888
2025-06-24 11:54:47.787468,176.86481146234382
2025-06-25 11:54:47.787468,182.62869967069363
2025-06-26 11:54:47.787468,175.78922444663192
2025-06-27 11:54:47.787468,185.65986556566855
2025-06-28 11:54:47.787468,174.959300321
2025-06-29 11:54:47.787468,173.00742795196177
2025-06-30 11:54:47.787468,190.12518982986128
2025-07-01 11:54:47.787468,174.47530757256138
2025-07-02 11:54:47.787468,172.32950446696987
2025-07-03 11:54:47.787468,169.86406263347178
2025-07-04 11:54:47.787468,184.0839208960176
2025-07-05 11:54:47.787468,171.85251981346093
2025-07-06 11:54:47.787468,176.02581545265843
2025-07-07 11:54:47.787468,179.14009607742537
2025-07-08 11:54:47.787468,164.77201530679832
2025-07-09 11:54:47.787468,170.06487467665812
2025-07-10 11:54:47.787468,167.52281082279512
2025-07-11 11:54:47.787468,143.16335082861735
2025-07-12 11:54:47.787468,176.47950761810864
2025-07-13 11:54:47.787468,153.95790510317187
2025-07-14 11:54:47.787468,174.16547100247396
2025-07-15 11:54:47.787468,159.3858767220878
2025-07-16 11:54:47.787468,162.05411191790762
2025-07-17 11:54:47.787468,184.80778316727867
2025-07-18 11:54:47.787468,160.1745666991059
2025-07-19 11:54:47.787468,170.45716677201258
2025-07-20 11:54:47.787468,168.14388865307615
2025-07-21 11:54:47.787468,137.22853335138637
2025-07-22 11:54:47.787468,163.01954870980776
2025-07-23 11:54:47.787468,155.83995504460506
2025-07-24 11:54:47.787468,164.00578801273807
2025-07-25 11:54:47.787468,153.78777267944113
2025-07-26 11:54:47.787468,176.1232700921729
2025-07-27 11:54:47.787468,156.04099273043516
2025-07-28 11:54:47.787468,151.61798306814597
2025-07-29 11:54:47.787468,164.39149363398624
2025-07-30 11:54:47.787468,151.48720801501946
2025-07-31 11:54:47.787468,158.48671893421002
2025-08-01 11:54:47.787468,136.44789543269687
2025-08-02 11:54:47.787468,154.85588480664717
2025-08-03 11:54:47.787468,159.25808058448814
2025-08-04 11:54:47.787468,156.98487876594186
2025-08-05 11:54:47.787468,169.17388235188469
2025-08-06 11:54:47.787468,143.07362429355683
2025-08-07 11:54:47.787468,161.93016383474526
2025-08-08 11:54:47.787468,142.07585713465735
2025-08-09 11:54:47.787468,145.3712967350882
2025-08-10 11:54:47.787468,147.71767838011195
2025-08-11 11:54:47.787468,155.05303425998235
2025-08-12 11:54:47.787468,128.93990533891377
2025-08-13 11:54:47.787468,133.76529604831563
2025-08-14 11:54:47.787468,127.3014818878843
2025-08-15 11:54:47.787468,125.34979774863699
2025-08-16 11:54:47.787468,135.01898631948484
2025-08-17 11:54:47.787468,138.36172716994838
2025-08-18 11:54:47.787468,137.06261258069722
2025-08-19 11:54:47.787468,130.14899045093523
2025-08-20 11:54:47.787468,138.59464581466398
2025-08-21 11:54:47.787468,129.1471610493719
2025-08-22 11:54:47.787468,125.11977343348505
2025-08-23 11:54:47.787468,141.85386074213503
2025-08-24 11:54:47.787468,122.39137479019253
2025-08-25 11:54:47.787468,128.03555578176025
2025-08-26 11:54:47.787468,144.4856013239063
2025-08-27 11:54:47.787468,121.82479575010444
2025-08-28 11:54:47.787468,130.3345097307311
2025-08-29 11:54:47.787468,118.40252585213831
2025-08-30 11:54:47.787468,125.17671908989453
2025-08-31 11:54:47.787468,132.5803819724088
2025-09-01 11:54:47.787468,129.0890771255439
2025-09-02 11:54:47.787468,130.629834398773
2025-09-03 11:54:47.787468,122.00192837996555
2025-09-04 11:54:47.787468,131.68732350855845
2025-09-05 11:54:47.787468,135.14068270894353
2025-09-06 11:54:47.787468,122.45044211296174
2025-09-07 11:54:47.787468,121.39348024795729
2025-09-08 11:54:47.787468,129.9613727546009
2025-09-09 11:54:47.787468,121.73978473564702
2025-09-10 11:54:47.787468,106.07674725164841
2025-09-11 11:54:47.787468,118.70472737593438
2025-09-12 11:54:47.787468,115.29571179198012
2025-09-13 11:54:47.787468,104.7842381337698
2025-09-14 11:54:47.787468,103.85664099146024
2025-09-15 11:54:47.787468,115.10989902628785
2025-09-16 11:54:47.787468,117.53977571845282
2025-09-17 11:54:47.787468,105.38152517717444
2025-09-18 11:54:47.787468,139.90320269815345
2025-09-19 11:54:47.787468,106.68963213991623
2025-09-20 11:54:47.787468,116.74076763083104
2025-09-21 11:54:47.787468,132.90361914056336
2025-09-22 11:54:47.787468,119.4872539240307
2025-09-23 11:54:47.787468,92.29568995576035
2025-09-24 11:54:47.787468,93.02502621486074
2025-09-25 11:54:47.787468,91.87071998164006
2025-09-26 11:54:47.787468,100.49495220000263
2025-09-27 11:54:47.787468,87.55983426161539
2025-09-28 11:54:47.787468,99.5134237691906
2025-09-29 11:54:47.787468,89.2567654768903
2025-09-30 11:54:47.787468,101.18072550019046
2025-10-01 11:54:47.787468,108.16462642740487
2025-10-02 11:54:47.787468,108.23443578932459
2025-10-03 11:54:47.787468,72.56913108747747
2025-10-04 11:54:47.787468,78.87119203809205
2025-10-05 11:54:47.787468,85.30555892228486
2025-10-06 11:54:47.787468,91.9357985912263
2025-10-07 11:54:47.787468,71.6874845346085
2025-10-08 11:54:47.787468,96.20565294019724
2025-10-09 11:54:47.787468,85.56525745018365
2025-10-10 11:54:47.787468,76.99514902235704
2025-10-11 11:54:47.787468,82.5135619659351
2025-10-12 11:54:47.787468,79.77428792701943
2025-10-13 11:54:47.787468,96.49148991473687
2025-10-14 11:54:47.787468,103.05617278105682
2025-10-15 11:54:47.787468,96.51830942767066
2025-10-16 11:54:47.787468,84.40853957884825
2025-10-17 11:54:47.787468,69.00207355072877
2025-10-18 11:54:47.787468,92.29959717353019
2025-10-19 11:54:47.787468,77.90451414618977
2025-10-20 11:54:47.787468,88.26269184791246
2025-10-21 11:54:47.787468,81.22291394140002
2025-10-22 11:54:47.787468,65.68783556339031
2025-10-23 11:54:47.787468,78.10836422592206
2025-10-24 11:54:47.787468,100.7467484119031
2025-10-25 11:54:47.787468,89.93654337280117
2025-10-26 11:54:47.787468,81.38408254911948
2025-10-27 11:54:47.787468,89.34594213372527
2025-10-28 11:54:47.787468,80.36047188125026
2025-10-29 11:54:47.787468,105.84794686661519
2025-10-30 11:54:47.787468,83.9918898540266
2025-10-31 11:54:47.787468,83.44645637728675
2025-11-01 11:54:47.787468,111.65434436647745
2025-11-02 11:54:47.787468,74.03679570860449
2025-11-03 11:54:47.787468,81.31897435834415
2025-11-04 11:54:47.787468,85.53523650957409
2025-11-05 11:54:47.787468,85.44356212448697
2025-11-06 11:54:47.787468,89.96743286412617
2025-11-07 11:54:47.787468,106.91001976529714
2025-11-08 11:54:47.787468,100.85119991772612
2025-11-09 11:54:47.787468,73.13328335310005
2025-11-10 11:54:47.787468,71.80403195010679
2025-11-11 11:54:47.787468,78.51699313345847
2025-11-12 11:54:47.787468,63.24031877271935
2025-11-13 11:54:47.787468,93.8985422529072
2025-11-14 11:54:47.787468,77.79132157896206
2025-11-15 11:54:47.787468,79.99911518695642
2025-11-16 11:54:47.787468,88.94118531218459
2025-11-17 11:54:47.787468,110.6672022308392
2025-11-18 11:54:47.787468,79.56260049223296
2025-11-19 11:54:47.787468,62.49072444555259
2025-11-20 11:54:47.787468,82.61398456673155
2025-11-21 11:54:47.787468,83.7543889860829
2025-11-22 11:54:47.787468,80.43665431167982
2025-11-23 11:54:47.787468,81.92185419494199
2025-11-24 11:54:47.787468,135.44605228391228
2025-11-25 11:54:47.787468,138.2036409802226
2025-11-26 11:54:47.787468,145.7412088535271
2025-11-27 11:54:47.787468,128.46801580427405
2025-11-28 11:54:47.787468,138.0215118072672
2025-11-29 11:54:47.787468,86.0849815103815
2025-11-30 11:54:47.787468,93.08936015210143
2025-12-01 11:54:47.787468,93.53915761275377
2025-12-02 11:54:47.787468,82.94266380065784
2025-12-03 11:54:47.787468,92.11191313099555
2025-12-04 11:54:47.787468,72.08467250541324
2025-12-05 11:54:47.787468,88.47651084228934
2025-12-06 11:54:47.787468,78.49631108419956
2025-12-07 11:54:47.787468,100.94415584436521
2025-12-08 11:54:47.787468,82.71737396731004
2025-12-09 11:54:47.787468,93.40240224841197
2025-12-10 11:54:47.787468,104.38048789923103
2025-12-11 11:54:47.787468,78.70312881436044
2025-12-12 11:54:47.787468,91.97340989091948
2025-12-13 11:54:47.787468,100.93012829465454
2025-12-14 11:54:47.787468,101.36399674338242
2025-12-15 11:54:47.787468,172.01817316678964
2025-12-16 11:54:47.787468,167.03897287982863
2025-12-17 11:54:47.787468,163.3398862502664
2025-12-18 11:54:47.787468,160.5344296986001
2025-12-19 11:54:47.787468,156.5954140781225
2025-12-20 11:54:47.787468,149.45600002629635
2025-12-21 11:54:47.787468,155.0617541441008
2025-12-22 11:54:47.787468,163.02320127593347
2025-12-23 11:54:47.787468,165.60105976512784
2025-12-24 11:54:47.787468,179.25537087524995
2025-12-25 11:54:47.787468,153.04069931977364
2025-12-26 11:54:47.787468,97.68150636052539
2025-12-27 11:54:47.787468,94.70939542451987
2025-12-28 11:54:47.787468,81.46293432817458
